stop_id,departures_7to10
1,19
2,91
3,88
4,13
5,75
7,72
8,75
9,48
10,6
11,5
12,86
13,12
14,12
16,35
17,252
18,58
19,27
20,26
21,39
22,51
23,22
24,134
25,29
26,17
28,152
29,30
30,23
31,69
32,12
33,31
34,172
35,79
36,73
37,25
40,41
42,88
44,130
45,43
46,22
48,74
50,62
51,39
52,26
53,37
54,93
56,30
57,86
58,77
60,8
61,58
62,41
63,37
64,12
65,34
66,109
68,77
69,29
71,44
72,37
73,85
74,54
76,22
77,22
79,43
80,36
81,139
83,84
84,122
85,42
86,78
87,28
88,30
89,24
90,80
91,34
92,27
93,40
94,139
95,17
96,45
98,88
99,38
100,30
101,24
103,140
104,113
105,32
106,93
107,26
110,28
111,169
112,16
114,63
115,23
116,23
117,96
119,112
120,19
121,41
122,37
123,35
125,28
126,22
127,73
128,72
129,63
130,73
131,44
132,58
133,36
134,63
135,37
136,84
137,30
138,57
139,94
140,133
141,24
142,55
143,41
144,28
145,69
146,30
147,29
148,28
149,96
150,35
151,55
152,73
153,61
154,37
155,72
156,47
157,60
159,83
160,47
161,241
164,72
165,105
166,36
167,29
169,62
170,49
171,34
173,73
175,102
176,74
177,27
178,222
179,113
180,37
181,31
182,20
183,54
184,54
185,110
186,71
187,28
188,29
189,24
190,29
191,35
192,32
193,6
195,74
196,40
197,78
198,72
199,71
200,18
201,55
202,119
203,42
204,38
206,73
207,79
208,48
209,83
210,216
211,26
212,61
213,111
214,228
215,38
217,42
218,41
219,135
220,31
221,21
222,76
223,105
224,32
225,102
226,35
227,39
228,52
229,69
230,23
231,30
233,27
235,32
236,37
237,26
238,25
239,27
242,34
244,31
245,12
246,29
247,49
248,32
249,168
250,141
251,158
252,29
253,53
255,90
256,5
258,26
259,47
260,92
261,50
262,107
263,32
264,22
265,120
266,36
267,41
268,72
269,38
270,117
271,82
273,44
274,173
275,100
276,51
277,45
278,45
279,71
280,65
281,8
283,19
284,32
285,87
287,77
288,18
289,31
290,46
292,79
293,22
294,95
295,29
296,34
297,35
298,135
300,68
301,2
302,80
303,143
304,83
305,93
306,132
307,37
308,41
309,6
310,36
311,1
312,24
313,93
314,72
315,184
316,37
317,106
318,103
320,114
321,81
322,5
323,91
324,107
325,27
326,31
327,26
328,57
329,40
330,96
332,28
333,68
334,112
335,44
336,110
337,71
338,58
339,66
340,131
341,105
342,128
343,27
344,31
345,148
346,59
347,96
348,109
350,29
352,40
353,30
355,29
356,25
358,30
360,18
361,84
362,16
363,32
364,56
365,17
367,35
368,60
369,79
370,32
371,82
372,57
373,120
374,29
375,51
376,19
377,239
378,41
379,57
380,61
382,63
383,32
384,237
385,32
386,124
387,65
388,78
390,22
391,36
394,33
395,54
396,37
398,25
399,24
400,27
401,57
402,37
403,61
404,70
406,174
407,76
408,59
409,41
411,43
412,67
414,25
416,505
417,9
418,55
419,66
421,41
422,76
424,32
425,82
426,30
427,24
428,9
429,61
430,8
431,38
432,57
433,33
434,30
436,29
437,30
438,97
439,42
440,55
442,190
443,35
444,28
445,32
446,31
447,14
448,6
449,134
450,37
452,29
453,44
454,65
455,24
456,31
457,27
458,33
459,78
460,95
461,80
462,27
463,168
464,71
465,18
466,33
467,27
468,27
469,28
470,55
471,81
472,83
473,176
474,34
475,59
477,72
478,41
480,28
481,107
482,35
483,26
484,74
485,82
486,82
487,26
489,39
490,29
491,34
492,26
493,100
494,33
495,136
497,77
498,77
499,83
500,60
501,105
502,59
503,202
504,61
505,30
506,74
507,40
509,27
510,78
511,69
512,71
513,78
514,74
515,75
516,38
518,47
519,84
520,18
521,33
522,32
523,77
524,38
525,64
526,53
527,28
528,59
529,43
530,56
531,40
532,71
533,135
534,147
536,84
538,59
539,42
540,78
541,29
542,71
543,110
545,43
546,84
547,98
548,32
549,76
550,77
551,28
552,71
554,33
555,42
556,42
557,226
558,65
559,34
560,27
561,223
562,37
563,79
564,27
565,60
566,51
567,37
569,81
570,68
571,53
572,36
573,28
575,53
576,100
578,16
580,41
581,51
583,35
584,36
585,29
586,88
587,126
588,118
589,12
590,119
591,175
592,16
593,28
595,99
596,230
597,61
598,28
599,27
600,72
601,24
602,94
603,29
604,28
605,125
606,60
607,39
609,28
610,75
611,83
612,49
613,19
614,12
615,69
616,150
617,31
618,160
619,60
620,86
621,145
623,24
624,50
625,65
627,30
628,51
632,91
634,77
635,48
636,52
637,43
638,18
640,35
641,41
642,42
643,38
645,82
646,26
647,75
648,37
649,35
650,95
651,64
652,22
653,43
654,56
655,27
656,113
657,87
658,38
659,17
660,59
661,17
662,159
663,51
664,41
665,10
666,37
670,42
672,15
674,1
675,108
676,32
677,43
679,65
680,59
681,42
682,9
683,76
684,213
685,88
686,76
687,29
689,88
690,38
691,23
695,74
696,50
697,41
698,45
699,85
700,61
701,47
702,27
703,29
705,71
706,82
708,29
709,28
710,63
711,42
712,34
713,27
714,28
715,25
716,48
717,127
718,66
719,69
720,19
721,25
722,25
723,174
724,29
725,72
727,127
728,28
730,36
731,38
732,25
734,52
735,30
736,81
738,29
739,114
740,9
742,65
743,18
744,59
745,27
746,110
747,115
748,49
749,93
750,31
751,215
752,110
755,70
756,76
757,26
758,65
759,29
761,34
762,28
763,119
764,175
766,28
767,77
768,95
769,36
770,71
771,22
772,16
774,65
777,29
778,48
779,63
780,81
781,53
782,92
783,74
784,44
786,42
787,38
788,54
789,33
790,75
792,29
794,82
795,40
796,107
797,125
798,126
799,79
800,83
802,30
803,51
804,28
805,79
806,93
807,38
808,19
809,37
810,78
811,77
812,108
813,42
814,30
815,72
816,72
817,93
818,26
819,32
820,90
821,37
822,42
823,90
824,29
825,133
826,23
827,112
828,27
829,30
830,31
831,58
832,18
833,40
834,72
835,34
836,79
840,60
841,78
842,27
843,100
844,70
845,82
848,31
849,73
850,28
851,51
852,68
853,72
854,15
855,25
856,83
858,53
859,34
860,38
862,30
863,218
864,98
865,34
866,78
868,35
869,91
870,115
872,25
873,63
874,42
875,28
876,87
877,78
878,90
879,43
880,25
881,36
882,37
883,29
884,167
885,130
886,76
887,80
888,40
889,83
890,32
891,65
892,5
893,64
894,42
895,42
897,143
898,96
899,45
901,54
902,24
904,54
905,31
906,61
907,50
908,91
909,37
910,45
911,67
913,32
914,135
916,37
917,33
918,56
919,41
920,60
921,257
922,72
923,41
924,32
925,160
927,82
928,201
929,76
930,62
931,48
932,126
933,78
934,28
935,71
936,33
937,197
938,132
939,36
940,25
942,66
943,49
946,139
947,40
950,57
951,97
952,30
953,38
954,54
955,34
956,37
957,53
958,25
959,69
960,80
962,52
963,92
964,51
966,45
967,37
968,41
969,35
970,55
971,76
972,26
975,32
976,63
977,33
978,93
979,145
980,117
981,25
982,152
983,26
984,22
985,29
986,25
988,43
989,181
990,39
992,38
993,28
996,35
997,34
998,18
999,129
1000,32
1001,110
1002,32
1003,91
1004,37
1005,104
1006,31
1009,241
1010,74
1011,33
1012,59
1013,159
1014,82
1015,52
1016,28
1017,80
1018,114
1019,44
1020,31
1021,217
1022,30
1023,33
1024,51
1025,113
1026,55
1029,36
1030,24
1032,29
1033,7
1034,71
1035,107
1036,135
1037,79
1038,79
1039,85
1040,50
1041,96
1042,95
1044,43
1045,21
1046,56
1047,26
1048,90
1049,98
1050,37
1051,56
1053,79
1054,171
1058,42
1059,83
1060,89
1061,6
1062,46
1063,32
1065,34
1066,50
1067,146
1068,5
1069,127
1070,104
1071,97
1072,27
1073,30
1074,34
1075,103
1076,123
1077,71
1078,33
1079,92
1080,12
1081,118
1082,81
1083,30
1084,122
1085,43
1086,41
1087,28
1088,5
1089,22
1090,30
1091,51
1092,42
1093,86
1094,35
1095,39
1096,71
1097,173
1098,82
1099,233
1100,53
1102,196
1103,22
1104,33
1106,90
1107,10
1108,47
1109,109
1110,46
1111,89
1112,30
1114,34
1115,132
1116,52
1117,57
1118,32
1119,120
1120,17
1122,97
1123,29
1124,40
1125,16
1126,56
1128,75
1129,121
1130,79
1131,31
1132,74
1133,17
1134,61
1135,36
1137,205
1138,134
1141,34
1142,38
1143,22
1144,22
1147,51
1149,12
1150,84
1151,169
1152,46
1153,87
1154,34
1155,37
1156,36
1158,25
1159,7
1161,19
1162,52
1163,76
1164,76
1166,78
1167,93
1168,34
1170,96
1171,146
1172,29
1173,60
1174,124
1175,70
1176,3
1177,83
1178,75
1180,77
1181,30
1183,32
1184,36
1185,28
1186,33
1187,86
1188,77
1189,41
1190,37
1192,83
1193,86
1194,30
1196,12
1197,28
1199,29
1200,54
1201,27
1202,64
1203,28
1205,42
1206,58
1207,85
1208,30
1209,15
1211,80
1212,90
1214,51
1215,35
1216,18
1217,258
1218,21
1219,52
1220,27
1221,92
1222,78
1223,68
1224,57
1225,41
1226,73
1227,63
1228,42
1229,19
1230,77
1231,38
1232,86
1233,46
1235,32
1236,24
1237,27
1238,27
1240,65
1241,30
1242,76
1243,72
1244,137
1245,79
1246,65
1248,34
1249,37
1250,62
1252,43
1253,50
1254,80
1256,15
1258,73
1259,35
1260,135
1261,84
1262,87
1263,99
1264,96
1265,39
1267,29
1268,74
1269,26
1270,21
1271,73
1272,41
1273,62
1274,61
1275,33
1277,102
1278,124
1279,29
1281,41
1282,90
1283,30
1284,66
1285,89
1286,21
1287,148
1288,25
1291,145
1292,159
1293,41
1295,87
1296,155
1298,29
1299,21
1300,59
1301,30
1302,23
1303,16
1304,82
1305,71
1306,55
1307,67
1308,45
1309,40
1311,41
1312,37
1314,184
1315,42
1316,33
1317,136
1318,106
1319,18
1320,41
1321,38
1322,23
1323,91
1324,42
1325,85
1326,71
1327,35
1328,83
1329,82
1330,88
1331,72
1332,223
1333,30
1334,90
1335,35
1336,106
1337,170
1338,181
1339,185
1341,19
1342,27
1343,125
1344,103
1345,97
1347,113
1348,59
1349,29
1350,155
1351,92
1352,45
1353,41
1354,59
1356,23
1357,288
1358,79
1359,82
1360,94
1361,155
1362,108
1363,74
1364,46
1365,27
1366,31
1367,78
1368,81
1369,107
1371,26
1374,27
1375,156
1377,90
1378,27
1379,78
1380,78
1382,52
1383,28
1384,32
1385,2
1386,25
1387,32
1388,77
1389,39
1390,36
1391,35
1392,17
1393,152
1394,27
1395,26
1396,156
1397,31
1399,52
1400,73
1401,78
1402,71
1403,32
1404,73
1405,33
1406,77
1407,27
1408,41
1409,79
1410,38
1411,70
1414,9
1415,124
1416,143
1417,58
1418,43
1419,83
1420,65
1421,16
1422,57
1423,55
1424,52
1425,83
1426,140
1428,27
1429,27
1430,33
1431,74
1432,101
1433,92
1434,32
1436,153
1437,77
1439,27
1440,45
1441,70
1442,257
1443,61
1444,47
1445,55
1446,116
1447,213
1448,91
1449,6
1450,75
1451,35
1452,238
1453,74
1454,39
1457,42
1460,31
1461,78
1462,32
1463,63
1464,17
1465,12
1466,53
1467,61
1468,86
1469,34
1471,33
1472,38
1474,139
1475,61
1477,29
1478,37
1479,41
1481,28
1482,49
1483,83
1484,72
1485,74
1486,44
1487,37
1488,117
1489,37
1490,60
1491,84
1492,28
1494,6
1495,174
1496,68
1497,109
1498,26
1500,82
1502,84
1503,50
1504,51
1505,51
1506,30
1507,26
1508,108
1509,44
1510,109
1512,29
1513,88
1514,146
1515,61
1516,34
1517,27
1518,29
1519,70
1520,70
1521,31
1522,26
1523,73
1525,37
1526,137
1527,59
1528,81
1530,79
1531,108
1532,61
1533,19
1534,29
1535,79
1536,38
1537,69
1538,121
1539,33
1540,27
1541,49
1542,55
1544,84
1545,25
1546,54
1547,59
1548,86
1549,44
1551,85
1552,25
1553,67
1554,9
1555,86
1557,51
1558,134
1560,26
1561,29
1562,73
1563,47
1564,81
1565,70
1566,138
1567,109
1568,12
1569,76
1570,35
1573,50
1574,34
1575,31
1576,77
1578,83
1579,41
1580,75
1581,50
1582,108
1583,14
1584,24
1585,71
1586,36
1587,20
1588,29
1589,90
1591,96
1592,80
1593,53
1594,30
1595,27
1596,26
1598,76
1599,23
1600,69
1601,38
1602,26
1603,83
1604,27
1605,23
1607,66
1608,86
1609,79
1610,55
1611,29
1612,27
1613,30
1614,127
1616,139
1617,52
1619,66
1620,30
1621,32
1622,101
1623,63
1624,80
1625,26
1626,35
1627,83
1628,136
1629,93
1630,9
1632,191
1633,101
1634,98
1635,68
1636,39
1637,29
1638,44
1639,22
1640,74
1642,142
1643,107
1644,74
1645,94
1646,92
1647,6
1648,23
1649,90
1650,153
1651,49
1652,104
1654,53
1655,87
1656,272
1657,90
1658,105
1659,86
1660,33
1661,26
1662,74
1663,42
1664,32
1665,42
1667,22
1668,63
1669,89
1670,40
1671,51
1672,118
1673,46
1675,68
1676,15
1677,25
1678,12
1679,80
1680,12
1681,41
1683,102
1684,46
1685,117
1686,32
1687,30
1688,39
1690,25
1691,41
1692,143
1693,59
1694,31
1695,57
1696,36
1698,40
1699,73
1700,30
1701,92
1702,18
1703,101
1704,74
1706,17
1707,78
1708,71
1709,115
1710,41
1711,117
1712,21
1713,78
1714,55
1715,34
1716,29
1718,84
1719,37
1720,82
1721,71
1722,72
1723,70
1725,30
1726,54
1727,55
1729,26
1730,53
1732,114
1734,34
1735,51
1736,71
1737,71
1738,73
1740,30
1741,81
1742,73
1743,72
1744,85
1745,36
1746,93
1747,28
1748,93
1749,109
1750,25
1752,70
1753,41
1755,59
1757,110
1758,38
1759,38
1761,58
1762,97
1763,26
1764,90
1765,17
1766,67
1768,88
1769,60
1770,38
1771,189
1772,32
1773,28
1775,55
1776,68
1777,105
1778,297
1779,71
1780,21
1781,30
1782,24
1783,192
1784,74
1786,67
1787,85
1788,140
1790,27
1793,52
1794,105
1795,75
1796,45
1797,31
1798,104
1799,67
1800,34
1801,72
1802,99
1803,217
1804,23
1805,140
1808,142
1809,80
1810,90
1812,41
1813,27
1814,29
1815,36
1816,101
1818,24
1819,115
1820,33
1821,12
1822,30
1823,18
1824,154
1825,31
1826,30
1827,12
1828,73
1830,28
1831,25
1832,27
1833,70
1834,55
1835,8
1837,101
1838,30
1839,37
1841,62
1842,68
1843,73
1845,37
1847,23
1848,38
1849,85
1850,12
1851,57
1853,80
1854,36
1855,33
1856,38
1857,41
1858,152
1860,69
1861,71
1863,37
1864,114
1865,63
1866,71
1867,78
1868,29
1869,24
1870,50
1871,72
1872,26
1873,12
1875,26
1876,9
1877,28
1878,37
1880,28
1881,124
1883,24
1884,45
1885,75
1886,36
1887,40
1890,21
1891,26
1892,31
1893,54
1894,34
1895,84
1896,133
1897,85
1898,55
1899,100
1900,50
1901,156
1902,33
1903,248
1904,57
1905,41
1906,31
1907,76
1908,60
1909,33
1910,198
1912,183
1913,194
1914,31
1915,32
1916,9
1917,21
1918,59
1920,69
1921,75
1922,62
1923,141
1924,90
1925,77
1927,152
1929,80
1930,68
1931,22
1932,39
1933,85
1934,55
1935,36
1936,87
1937,9
1938,30
1939,27
1940,33
1941,25
1942,139
1943,104
1945,91
1946,7
1947,27
1948,174
1950,39
1951,40
1952,44
1953,67
1954,135
1955,93
1957,63
1958,64
1959,91
1960,31
1961,95
1962,19
1963,173
1964,43
1965,71
1966,30
1967,4
1968,24
1969,27
1970,39
1972,25
1974,29
1976,33
1979,37
1981,27
1982,84
1983,27
1984,55
1985,19
1986,224
1987,27
1989,133
1990,114
1991,80
1992,92
1993,41
1995,63
1996,196
1997,48
1998,90
2000,136
2001,79
2002,27
2003,32
2005,119
2007,47
2008,31
2009,37
2010,12
2011,30
2012,21
2013,107
2014,38
2015,4
2016,41
2017,33
2018,29
2020,131
2023,28
2024,5
2025,33
2027,45
2028,65
2029,19
2030,43
2031,82
2032,28
2034,57
2035,41
2036,78
2037,115
2038,25
2039,112
2040,22
2041,33
2042,43
2043,28
2045,96
2046,79
2047,82
2048,131
2049,36
2051,40
2052,29
2053,15
2054,42
2055,74
2056,137
2057,32
2058,120
2059,131
2061,10
2062,33
2063,31
2066,82
2067,4
2068,69
2069,107
2070,37
2071,42
2072,100
2073,24
2074,34
2075,24
2076,30
2077,39
2078,45
2079,20
2080,60
2081,95
2082,46
2084,74
2085,37
2086,54
2087,89
2088,55
2089,28
2090,70
2091,69
2092,36
2093,36
2094,70
2095,27
2096,24
2098,39
2100,84
2101,12
2105,28
2106,97
2107,70
2108,25
2109,65
2110,16
2111,73
2112,32
2113,27
2114,107
2116,42
2117,44
2118,35
2120,32
2121,95
2122,247
2123,29
2124,16
2126,23
2127,77
2128,94
2129,98
2130,51
2131,50
2132,27
2133,59
2134,17
2135,42
2136,12
2137,36
2138,93
2139,54
2140,35
2141,59
2142,66
2143,46
2144,108
2146,35
2147,36
2148,29
2150,29
2151,87
2153,63
2154,78
2155,68
2156,44
2157,28
2158,117
2159,71
2160,83
2162,75
2163,38
2164,32
2165,22
2166,16
2168,74
2170,23
2171,194
2172,28
2173,40
2175,26
2176,37
2177,33
2178,125
2179,68
2180,64
2181,37
2182,57
2183,39
2184,27
2185,107
2187,146
2188,72
2189,28
2190,39
2191,78
2192,40
2193,52
2195,121
2196,38
2197,58
2198,17
2199,45
2201,129
2202,28
2203,93
2204,111
2206,30
2207,25
2209,52
2211,52
2212,74
2213,54
2214,54
2215,71
2217,26
2218,79
2220,38
2222,31
2223,22
2224,25
2225,33
2228,70
2229,27
2230,41
2234,37
2235,101
2236,38
2238,26
2239,29
2240,46
2241,76
2242,60
2243,39
2244,50
2245,29
2246,40
2247,35
2248,150
2249,29
2250,137
2251,25
2252,159
2253,140
2254,28
2255,34
2256,127
2257,83
2258,44
2259,32
2260,44
2262,38
2264,65
2265,74
2266,22
2267,38
2268,119
2269,196
2270,120
2272,84
2274,34
2276,34
2277,79
2278,65
2279,29
2280,66
2281,48
2283,29
2284,28
2285,8
2286,27
2287,24
2288,26
2289,39
2291,43
2292,27
2293,160
2295,15
2302,92
2303,113
2304,84
2305,325
2307,26
2308,42
2309,4
2310,27
2312,23
2313,70
2314,70
2315,83
2316,173
2317,32
2318,58
2319,36
2320,90
2322,50
2323,63
2324,157
2325,120
2326,31
2327,30
2331,10
2333,67
2334,238
2335,53
2337,69
2338,60
2339,23
2340,91
2341,35
2342,84
2343,75
2344,26
2345,9
2346,9
2347,153
2348,32
2349,69
2351,29
2352,79
2353,33
2354,37
2355,74
2356,21
2358,37
2359,90
2360,25
2361,97
2362,85
2363,43
2364,142
2365,168
2366,23
2367,55
2371,22
2372,77
2373,101
2374,14
2375,59
2376,31
2377,29
2378,56
2380,55
2381,28
2382,101
2383,42
2384,12
2385,18
2386,77
2387,62
2388,34
2390,35
2391,27
2392,50
2394,23
2395,96
2396,62
2397,68
2398,65
2399,22
2401,27
2402,213
2404,25
2405,68
2406,40
2407,57
2408,83
2410,26
2412,37
2413,25
2414,96
2415,65
2416,31
2417,12
2419,38
2420,89
2421,42
2423,24
2424,76
2425,53
2426,29
2427,23
2428,27
2429,74
2430,21
2432,12
2433,30
2434,77
2436,78
2437,63
2438,121
2439,92
2441,90
2442,36
2443,29
2444,101
2447,84
2448,153
2449,251
2450,60
2451,88
2452,17
2453,70
2454,73
2455,14
2456,83
2457,37
2458,21
2459,19
2460,240
2462,36
2463,81
2465,82
2466,82
2467,22
2468,65
2470,42
2471,35
2472,29
2474,141
2475,78
2476,167
2477,12
2478,35
2479,52
2481,29
2483,54
2484,136
2485,96
2486,65
2487,172
2488,43
2489,25
2491,32
2492,48
2493,52
2494,43
2495,78
2496,28
2497,12
2498,26
2499,43
2501,128
2502,40
2505,149
2506,35
2507,28
2510,92
2511,54
2512,27
2513,57
2514,29
2515,58
2516,135
2517,100
2518,100
2520,35
2521,75
2522,22
2523,24
2524,78
2525,83
2527,35
2528,45
2529,25
2530,58
2531,80
2532,66
2533,85
2534,75
2535,120
2536,112
2537,23
2538,95
2540,35
2541,76
2542,27
2545,33
2546,56
2547,79
2548,69
2549,120
2550,149
2551,30
2552,95
2553,22
2554,75
2555,82
2556,73
2557,46
2558,27
2559,16
2560,135
2561,71
2562,28
2564,69
2565,30
2566,25
2568,56
2569,33
2571,17
2572,40
2573,31
2574,77
2576,19
2578,63
2579,15
2580,39
2581,52
2582,128
2584,107
2585,41
2586,39
2587,31
2591,40
2592,226
2593,157
2595,57
2596,39
2597,32
2598,29
2599,78
2600,34
2601,32
2602,46
2603,55
2604,141
2605,80
2606,25
2607,109
2608,17
2609,8
2610,68
2611,74
2612,34
2613,76
2614,67
2615,75
2616,12
2617,37
2618,59
2620,29
2621,77
2622,29
2624,79
2625,16
2626,95
2627,99
2628,88
2629,43
2630,42
2631,92
2632,59
2633,38
2634,69
2635,134
2637,36
2638,25
2639,103
2640,72
2641,81
2642,66
2643,51
2644,64
2645,56
2646,65
2647,73
2648,33
2649,111
2650,80
2651,32
2652,69
2653,1
2655,52
2656,72
2657,154
2658,79
2660,45
2662,33
2663,113
2664,42
2665,34
2666,42
2667,29
2668,61
2669,35
2670,32
2671,50
2672,12
2673,237
2674,38
2675,94
2676,18
2677,29
2679,22
2680,29
2681,53
2682,60
2683,59
2684,37
2685,121
2686,40
2687,80
2688,34
2690,35
2691,73
2692,55
2693,35
2694,85
2695,139
2696,92
2697,54
2698,99
2699,259
2700,57
2701,18
2703,38
2704,91
2705,52
2706,216
2707,43
2708,132
2709,28
2710,25
2712,9
2714,117
2715,192
2716,69
2717,65
2718,61
2722,40
2723,137
2725,29
2726,28
2727,17
2728,85
2729,19
2730,43
2731,33
2733,39
2734,96
2735,34
2736,68
2738,95
2739,39
2740,123
2741,24
2742,18
2744,111
2745,146
2746,44
2747,73
2748,40
2749,73
2750,44
2751,61
2752,101
2753,26
2754,90
2755,166
2756,36
2757,36
2762,90
2763,90
2764,78
2765,35
2768,75
2769,89
2774,98
2775,103
2776,58
2778,146
2779,95
2789,24
2790,22
2791,23
2792,151
2793,46
2794,147
2798,134
2799,235
2801,83
2802,185
2803,27
2804,29
2806,44
2807,44
2808,177
2811,40
2815,42
2819,177
2822,186
2823,94
2828,43
2829,25
3644,9
3645,9
3646,71
3647,68
3648,56
3649,38
3650,38
3651,41
3654,118
3655,78
3656,75
3658,99
3659,99
3660,99
3661,99
3662,195
3663,41
3664,40
3665,41
3666,41
3668,55
3676,9
3677,9
3678,9
3679,9
3683,46
3684,19
3685,148
3695,12
3696,12
3698,31
3709,86
3710,82
3711,39
3718,133
3719,217
3720,59
3721,65
3722,98
3723,61
3724,89
3725,45
3726,18
3727,24
3728,101
3729,145
3730,44
3731,64
3733,108
3734,146
3735,132
3736,196
3737,154
3738,103
3739,134
3740,94
3741,146
3743,48
3745,167
3746,117
3747,78
3748,112
3749,99
3750,14
3751,80
3752,1
3753,48
3754,15
3755,111
3756,110
3758,79
3759,109
3760,144
3761,193
3764,44
3765,58
3767,40
3768,41
3769,67
3770,61
3773,107
3774,38
3775,153
3776,110
3777,22
3778,159
3779,33
3780,211
3781,271
3783,125
3784,171
3786,103
3787,85
3788,61
3789,59
3793,108
3794,54
3795,90
3796,137
3797,58
3798,124
3799,151
3801,65
3802,229
3803,241
3807,82
3808,79
3809,164
3810,197
3811,109
3812,198
3813,223
3814,68
3815,118
3816,111
3817,100
3818,46
3822,31
3823,90
3824,23
3825,56
3826,31
3827,122
3828,121
3829,134
3830,136
3831,99
3832,143
3833,66
3834,175
3835,74
3836,68
3839,55
3840,76
3841,107
3843,115
3844,35
3845,92
3846,121
3847,36
3848,66
3850,346
3852,86
3853,108
3854,25
3855,62
3856,29
3857,221
3858,30
3859,57
3860,194
3861,104
3862,91
3865,103
3866,52
3868,63
3869,93
3878,35
3879,99
3880,269
3881,74
3882,17
3883,61
3884,105
3885,107
3886,17
3887,141
3888,150
3889,113
3890,61
3891,160
3892,36
3893,18
3895,211
3903,6
3905,6
3908,54
3909,48
3910,48
3911,46
3915,25
3918,25
3920,55
3922,54
3923,86
3924,80
3925,70
3927,67
3928,66
3929,96
3930,95
3931,96
3932,98
3933,97
3934,96
3935,95
3936,95
3937,95
3938,95
3939,107
3940,108
3941,108
3942,105
3943,104
3944,104
3945,104
3946,105
3947,102
3948,44
3950,79
3951,36
3952,68
3953,66
3954,43
3955,29
3956,35
3957,87
3958,6
3959,24
3960,50
3961,37
3962,37
3963,33
3964,33
3965,37
3966,33
3967,38
3969,33
3970,38
3971,33
3972,33
3973,92
3975,51
3976,51
3977,27
3978,32
3982,6
3983,54
3984,55
3986,57
3987,25
3988,33
3989,66
3991,91
3995,101
3996,98
3997,104
3998,98
3999,105
4000,98
4001,105
4002,99
4003,103
4004,101
4005,102
4006,67
4008,36
4009,67
4010,89
4012,60
4013,29
4014,203
4015,37
4016,60
4017,43
4019,26
4020,73
4022,74
4023,2
4027,89
4028,96
4029,34
4030,36
4031,36
4032,34
4033,34
4034,36
4035,34
4036,66
4037,35
4038,69
4039,73
4040,73
4041,82
4042,18
4043,158
4044,35
4047,39
4048,40
4049,87
4050,57
4051,56
4052,63
4053,31
4054,7
4055,7
4056,75
4057,127
4059,7
4060,7
4062,7
4063,7
4064,76
4065,135
4066,63
4067,31
4069,71
4070,72
4072,61
4073,39
4074,141
4076,16
4077,31
4078,67
4080,83
4081,70
4082,101
4083,34
4085,37
4086,60
4088,66
4090,67
4091,67
4092,238
4093,52
4095,106
4096,65
4097,95
4098,78
4099,30
4100,63
4101,23
4102,31
4103,194
4104,81
4105,123
4107,66
4108,96
4109,94
4115,3
4117,46
4119,33
4120,30
4122,189
4123,83
4126,141
4127,92
4128,84
4131,82
4132,81
4133,126
4135,136
4140,106
4141,115
4142,6
4143,5
4144,42
4146,128
4147,85
4148,35
4150,81
4151,81
4152,12
4153,56
4154,58
4155,18
4156,32
4157,135
4158,135
4159,133
4160,113
4161,117
4162,73
4163,77
4164,219
4165,110
4166,109
4167,17
4168,20
4169,66
4170,46
4171,195
4173,56
4174,58
4178,41
4179,19
4181,19
4182,19
4183,19
4184,19
4185,19
4186,59
4187,170
4188,167
4189,256
4190,6
4191,5
4194,5
4195,5
4196,5
4197,5
4199,6
4200,6
4201,6
4202,6
4203,91
4204,10
4206,120
4207,206
4208,105
4209,151
4210,95
4211,6
4213,37
4214,11
4219,97
4220,43
4221,40
4222,39
4223,38
4224,29
4225,33
4227,50
4228,22
4232,71
4234,54
4248,83
4249,80
4250,86
4254,100
4261,6
4262,6
4263,6
4264,4
4265,4
4273,35
4275,118
4276,119
4277,66
4278,117
4279,69
4281,144
4282,144
4283,289
4288,6
4291,298
4292,19
4294,18
4299,24
4300,25
4301,26
4302,30
4303,23
4304,26
4307,93
4317,9
4342,6
4357,8
4358,30
4359,57
4360,85
4361,30
4362,9
4363,9
4364,10
4365,6
4367,142
4368,2
4370,109
4371,112
4372,82
4373,35
4374,35
4375,63
4376,51
4377,51
4378,85
4379,164
4380,11
4381,3
4382,52
4383,59
4385,103
4386,195
4387,41
4388,19
4394,47
4396,145
4398,72
4404,107
4406,5
4407,12
4408,12
4409,241
4410,188
4411,55
4412,42
4414,243
4415,364
4416,108
4417,1
4418,1
4419,79
4420,88
4421,85
4422,116
4423,123
4424,79
4425,89
4427,35
4428,132
4429,15
4431,5
4432,9
4433,8
4434,29
4435,72
4436,7
4437,60
4438,31
4439,30
4440,10
4441,10
4442,15
4443,15
4444,11
4446,36
4448,72
4449,71
4450,72
4451,20
4452,83
4453,24
4454,23
4455,61
4456,34
4457,31
4458,30
4459,44
4461,21
4462,47
4463,14
4466,76
4468,32
4471,50
4472,51
4473,55
4474,16
4475,63
4476,79
4477,63
4478,81
4479,66
4480,29
4481,28
4482,79
4483,98
4485,142
4486,67
4487,96
4489,84
4490,83
4491,148
4492,99
4493,117
4494,121
4495,71
4496,198
4497,39
4498,30
4499,58
4500,81
4501,26
4502,140
4503,233
4504,116
4505,54
4507,80
4509,60
4511,191
4512,51
4514,13
4515,34
4516,91
4517,151
4518,82
4520,34
4521,30
4524,25
4525,28
4526,62
4527,35
4536,40
4540,79
4541,38
4543,40
4544,53
4545,35
4546,39
4547,35
4550,38
4551,53
4552,128
4553,149
4554,230
4555,146
4556,71
4557,99
4558,118
4559,73
4560,87
4561,72
4562,53
4563,107
4566,15
4567,60
4568,35
4569,38
4570,54
4573,74
4574,71
4576,43
4577,40
4578,43
4579,50
4580,86
4581,60
4582,164
4583,37
4584,41
4585,112
4586,96
4587,7
4588,7
4589,7
4590,7
4591,7
4592,7
4593,7
4594,34
4595,28
4599,48
4600,43
4601,141
4602,79
4603,32
4604,105
4605,28
4606,72
4608,7
4609,12
4610,99
4611,23
4612,210
4613,81
4614,158
4615,77
4616,72
4618,37
4620,33
4621,43
4623,146
4626,8
4627,144
4629,109
4630,177
4632,247
4633,64
4634,77
4637,39
4638,111
4639,42
4640,150
4642,138
4644,128
4645,93
4646,164
4647,2
4650,39
4651,93
4652,134
4653,182
4654,96
4655,58
4656,96
4657,36
4658,101
4659,136
4660,97
4670,5
4671,9
4675,29
4676,106
4677,82
4678,25
4680,57
4681,14
4682,63
4683,67
4684,27
4686,9
4687,32
4688,84
4689,52
4690,70
4691,94
4695,193
4696,104
4697,75
4700,17
4701,29
4702,41
4703,43
4705,51
4706,208
4707,25
4708,35
4709,84
4710,119
4714,29
4715,66
4716,85
4717,17
4719,66
4720,31
4721,26
4722,37
4723,68
4724,32
4725,196
4726,38
4727,30
4728,108
4729,90
4730,28
4732,75
4733,31
4734,31
4735,83
4737,76
4738,43
4739,52
4740,140
4742,53
4743,25
4745,82
4746,77
4748,27
4749,52
4750,40
4751,72
4752,142
4753,34
4755,159
4756,12
4757,26
4758,16
4759,105
4760,31
4761,59
4762,51
4763,75
4764,29
4765,124
4766,149
4769,76
4770,43
4771,85
4772,29
4773,75
4774,36
4776,69
4777,23
4778,42
4779,139
4780,145
4781,45
4782,140
4783,216
4784,124
4785,62
4787,85
4788,80
4791,31
4792,34
4793,86
4795,21
4796,89
4798,81
4799,89
4801,89
4802,84
4803,70
4806,65
4807,120
4808,138
4809,76
4810,174
4811,83
4812,164
4813,30
4816,83
4817,91
4818,7
4819,5
4820,1
4821,54
4827,54
4828,79
4829,30
4831,4
4832,9
4833,79
4834,3
4835,17
4836,55
4837,34
4838,76
4839,82
4840,82
4841,108
4842,82
4843,115
4844,80
4845,2
4846,104
4848,5
4849,29
4850,203
4851,249
4852,241
4853,8
4854,32
4855,33
4856,247
4857,20
4858,75
4859,33
4860,18
4861,37
4867,86
4868,120
4869,13
4870,3
4871,89
4872,38
4873,34
4874,93
4876,55
4877,81
4878,40
4879,35
4881,31
4882,88
4883,44
4884,53
4885,241
4886,38
4887,19
4888,212
4889,57
4890,74
4891,174
4892,76
4893,40
4894,21
4895,45
4897,27
4899,6
4900,80
4901,148
4902,151
4903,16
4904,184
4905,132
4906,7
4907,58
4908,35
4909,76
4911,36
4912,35
4913,30
4914,23
4916,149
4917,74
4918,26
4921,60
4922,27
4924,27
4926,163
4927,33
4929,17
4930,72
4932,130
4933,23
4934,43
4935,52
4936,45
4937,60
4938,18
4939,73
4940,42
4941,81
4942,54
4943,139
4944,98
4946,24
4947,28
4948,28
4949,138
4950,19
4951,215
4952,73
4953,26
4955,98
4956,94
4957,79
4958,76
4959,92
4961,61
4962,30
4963,55
4964,29
4965,24
4967,66
4968,168
4969,30
4970,83
4971,70
4972,28
4973,26
4974,32
4975,9
4976,21
4977,30
4978,23
4979,78
4980,50
4981,31
4982,18
4983,6
4984,39
4985,26
4986,85
4987,23
4988,54
4989,126
4990,26
4992,38
4993,38
4994,83
4995,32
4996,44
4997,44
4998,18
4999,58
5000,100
5001,184
5002,42
5003,90
5004,49
5005,32
5006,112
5008,177
5009,36
5010,78
5011,36
5012,86
5013,47
5014,14
5015,68
5016,31
5018,203
5019,42
5020,32
5021,66
5022,53
5023,44
5025,35
5026,96
5027,40
5029,111
5030,142
5031,39
5032,18
5033,108
5034,195
5035,36
5036,19
5037,8
5038,207
5039,34
5040,31
5041,81
5042,37
5043,67
5044,54
5045,60
5046,72
5047,160
5048,109
5049,45
5050,8
5051,27
5052,31
5053,77
5054,49
5055,133
5056,139
5059,78
5060,29
5061,22
5062,110
5063,56
5064,57
5066,58
5067,113
5068,70
5069,15
5070,15
5071,144
5073,15
5074,64
5075,42
5077,84
5078,39
5079,63
5081,43
5083,36
5084,27
5085,27
5086,24
5087,95
5088,83
5089,25
5091,135
5092,93
5093,28
5094,93
5095,150
5096,31
5097,54
5098,95
5099,165
5100,135
5101,12
5102,76
5103,42
5104,37
5105,36
5106,16
5108,28
5109,152
5110,12
5111,33
5113,36
5114,150
5115,31
5116,208
5117,154
5118,114
5119,9
5120,51
5121,78
5122,176
5123,40
5125,53
5126,73
5127,94
5128,74
5130,53
5131,202
5133,64
5134,44
5136,9
5137,104
5139,28
5140,81
5141,31
5142,83
5143,73
5144,53
5145,73
5146,33
5147,29
5148,9
5149,73
5151,43
5153,107
5154,32
5155,72
5156,59
5157,9
5159,93
5160,91
5161,53
5162,74
5163,43
5165,35
5166,27
5168,54
5169,74
5170,26
5171,53
5172,22
5173,33
5174,28
5175,138
5177,33
5178,104
5179,40
5180,74
5182,91
5183,134
5185,26
5186,37
5187,32
5188,76
5190,90
5191,16
5192,52
5193,91
5194,30
5195,43
5196,153
5197,85
5198,51
5199,30
5200,173
5201,69
5202,66
5203,44
5204,25
5205,26
5206,14
5207,114
5208,72
5209,27
5210,42
5211,38
5212,40
5213,160
5214,67
5215,53
5216,8
5217,69
5218,76
5219,83
5220,119
5221,79
5222,25
5223,76
5224,84
5225,118
5228,28
5229,54
5230,53
5232,23
5233,24
5234,56
5235,36
5236,32
5237,120
5238,71
5239,78
5240,59
5242,9
5243,26
5244,92
5246,93
5248,24
5250,31
5251,43
5252,84
5253,12
5254,59
5255,74
5257,65
5258,29
5259,102
5260,43
5261,72
5263,39
5264,25
5265,54
5266,148
5267,21
5268,73
5269,93
5271,181
5272,30
5273,59
5274,34
5275,22
5276,42
5277,27
5278,128
5279,27
5280,119
5281,65
5282,6
5283,97
5284,26
5285,40
5286,36
5287,25
5288,26
5289,23
5290,40
5291,23
5293,98
5294,74
5296,134
5297,33
5298,92
5299,54
5301,150
5302,48
5303,29
5305,61
5306,70
5307,37
5308,25
5309,75
5310,76
5311,23
5312,92
5313,28
5314,75
5315,36
5316,30
5317,60
5318,9
5319,86
5320,27
5321,30
5322,103
5323,27
5324,33
5325,133
5326,91
5327,33
5328,110
5329,27
5330,31
5331,48
5332,79
5334,34
5335,98
5336,27
5338,26
5341,77
5342,27
5343,32
5344,95
5345,96
5346,54
5348,172
5349,25
5350,136
5351,29
5352,41
5353,66
5355,70
5356,9
5358,33
5359,78
5360,52
5361,32
5362,36
5363,16
5364,138
5365,74
5367,48
5368,35
5370,103
5371,50
5372,27
5373,78
5374,21
5375,61
5376,64
5377,30
5378,28
5379,29
5380,31
5382,167
5383,43
5384,144
5385,55
5386,90
5387,106
5388,88
5389,8
5390,135
5391,38
5392,33
5393,135
5394,48
5395,101
5396,132
5397,50
5398,69
5399,19
5400,33
5401,82
5403,52
5404,63
5405,36
5407,24
5408,30
5409,138
5410,36
5411,31
5412,94
5414,88
5415,16
5416,52
5417,29
5418,30
5419,39
5420,51
5421,174
5423,26
5424,139
5425,53
5426,112
5427,39
5428,33
5430,24
5431,38
5432,31
5433,19
5435,95
5436,37
5438,23
5439,53
5441,157
5442,53
5443,136
5444,39
5446,66
5447,33
5449,38
5450,90
5451,108
5452,43
5453,26
5456,33
5457,78
5458,58
5459,85
5461,92
5462,67
5464,43
5465,54
5466,17
5467,10
5468,27
5469,31
5470,39
5472,231
5473,29
5474,58
5475,53
5476,20
5477,77
5478,52
5479,37
5480,39
5481,39
5482,69
5483,70
5484,30
5485,27
5486,60
5487,82
5488,37
5489,24
5490,29
5491,51
5493,29
5494,93
5495,22
5496,93
5498,146
5499,31
5500,64
5501,39
5502,92
5503,67
5504,30
5505,31
5506,34
5507,35
5508,17
5509,25
5511,45
5512,18
5513,36
5514,47
5515,8
5516,230
5517,64
5518,96
5519,90
5520,29
5521,36
5522,33
5523,91
5524,55
5527,29
5528,29
5529,94
5530,98
5531,32
5532,27
5533,26
5534,71
5535,18
5536,199
5538,104
5539,25
5542,25
5543,58
5544,83
5545,84
5546,63
5547,61
5548,33
5549,33
5550,5
5551,8
5552,65
5555,25
5556,86
5557,28
5558,65
5559,163
5560,31
5562,38
5563,14
5564,66
5565,42
5566,173
5567,43
5568,73
5569,76
5570,44
5572,78
5574,73
5575,145
5576,74
5577,26
5578,70
5580,27
5581,38
5582,42
5583,41
5585,31
5586,105
5587,212
5588,33
5589,72
5590,26
5591,78
5592,29
5593,44
5594,31
5595,106
5596,143
5598,67
5599,26
5600,26
5601,70
5602,37
5603,39
5604,28
5605,35
5606,72
5607,28
5608,160
5609,25
5611,137
5612,156
5613,80
5614,28
5615,95
5616,23
5617,146
5618,30
5619,85
5620,35
5621,32
5623,32
5624,83
5625,32
5626,29
5627,52
5628,77
5629,30
5631,38
5632,174
5634,62
5635,102
5636,108
5637,36
5638,17
5639,42
5640,26
5641,31
5642,32
5643,30
5644,29
5645,77
5647,10
5648,118
5649,29
5650,38
5651,53
5652,69
5653,42
5654,49
5655,92
5656,91
5657,44
5658,40
5659,94
5662,39
5663,32
5664,153
5666,77
5667,53
5668,91
5670,42
5672,35
5673,82
5674,42
5675,31
5676,25
5677,27
5679,84
5680,36
5681,130
5682,74
5683,29
5684,25
5687,31
5689,30
5691,45
5692,8
5693,43
5694,131
5695,123
5696,16
5697,24
5700,60
5701,135
5702,55
5703,108
5704,195
5705,39
5707,18
5708,27
5710,36
5711,33
5712,29
5713,173
5714,138
5715,73
5716,106
5717,71
5718,32
5719,63
5720,54
5721,76
5722,42
5723,30
5724,19
5725,28
5727,149
5728,65
5730,39
5731,69
5732,55
5733,29
5734,31
5735,75
5736,117
5738,92
5739,34
5740,94
5741,29
5743,31
5745,93
5746,88
5747,29
5748,31
5749,30
5750,122
5751,29
5753,64
5754,57
5755,33
5756,72
5758,32
5759,24
5760,32
5761,48
5762,211
5764,8
5765,42
5766,14
5767,30
5768,12
5769,93
5770,9
5771,79
5772,53
5774,31
5775,34
5777,29
5778,104
5779,36
5780,29
5781,168
5782,195
5783,58
5784,173
5785,80
5786,53
5787,59
5789,63
5790,81
5791,80
5792,72
5793,26
5794,157
5795,92
5796,59
5798,23
5799,92
5800,32
5802,73
5804,76
5806,125
5808,232
5809,67
5812,148
5814,38
5815,65
5816,79
5817,60
5818,41
5819,59
5820,54
5821,89
5824,36
5825,75
5826,74
5827,93
5828,80
5829,70
5831,58
5832,32
5833,80
5834,91
5835,76
5838,22
5839,35
5840,108
5841,39
5842,24
5843,25
5844,68
5845,29
5846,39
5848,125
5849,93
5850,93
5851,84
5852,103
5853,53
5854,41
5855,82
5856,31
5857,65
5859,24
5860,59
5861,173
5863,87
5864,28
5865,30
5869,62
5871,90
5872,35
5873,22
5874,31
5877,52
5878,235
5879,64
5880,44
5881,31
5882,30
5883,78
5884,77
5885,27
5886,28
5887,75
5888,18
5889,95
5890,89
5891,9
5892,31
5895,70
5896,35
5897,40
5898,12
5899,30
5900,30
5901,36
5902,79
5903,61
5904,39
5905,84
5906,34
5907,83
5909,53
5911,23
5912,29
5913,52
5914,46
5915,36
5916,35
5917,33
5918,77
5919,71
5921,37
5922,73
5923,28
5924,74
5925,40
5926,88
5927,91
5928,99
5929,100
5931,117
5932,31
5933,74
5934,39
5937,30
5938,119
5939,22
5940,78
5941,12
5943,59
5944,38
5947,19
5949,24
5950,108
5951,31
5952,183
5953,27
5956,165
5957,41
5958,33
5959,69
5961,61
5962,117
5963,91
5964,41
5965,28
5966,34
5967,80
5968,53
5969,50
5970,181
5971,33
5972,30
5973,171
5974,93
5975,24
5977,32
5978,40
5979,47
5980,118
5981,130
5982,92
5983,30
5984,96
5985,76
5987,79
5988,27
5989,23
5990,26
5991,30
5992,35
5993,36
5994,77
5995,72
5996,31
5997,55
5998,31
5999,35
6000,35
6001,72
6002,26
6003,5
6004,92
6006,27
6007,37
6008,95
6009,112
6010,55
6011,29
6012,63
6014,27
6015,101
6016,33
6017,29
6018,82
6019,66
6020,79
6021,61
6022,39
6023,100
6024,74
6025,31
6026,28
6027,40
6028,25
6030,37
6031,40
6032,150
6033,259
6034,12
6035,49
6036,109
6038,73
6039,59
6040,35
6041,147
6043,97
6044,54
6045,1
6046,52
6047,45
6048,28
6049,27
6050,38
6051,35
6052,83
6053,24
6054,24
6056,78
6058,168
6059,26
6060,79
6061,81
6062,151
6063,112
6064,50
6065,11
6066,80
6068,145
6069,75
6070,3
6071,8
6072,38
6073,24
6074,29
6075,25
6076,35
6077,42
6078,42
6079,33
6080,29
6082,169
6084,40
6085,86
6086,34
6087,12
6088,53
6089,63
6090,70
6091,97
6092,63
6094,29
6095,179
6096,79
6097,115
6098,89
6099,107
6100,61
6101,60
6102,37
6103,120
6104,33
6105,30
6107,79
6108,32
6109,46
6110,9
6111,61
6112,54
6114,57
6116,28
6117,29
6118,37
6119,25
6121,72
6123,107
6124,71
6125,39
6126,42
6127,259
6128,31
6130,145
6131,79
6132,14
6133,29
6134,65
6135,160
6137,30
6138,91
6139,100
6140,36
6141,97
6143,56
6145,29
6146,72
6147,24
6148,31
6149,24
6150,25
6151,39
6152,35
6153,41
6154,28
6155,36
6156,32
6157,69
6159,28
6160,229
6161,24
6162,24
6163,105
6164,35
6165,26
6166,70
6167,131
6171,21
6173,33
6174,108
6175,27
6177,67
6178,40
6179,32
6180,42
6181,66
6183,66
6185,24
6186,31
6189,82
6191,26
6192,28
6193,60
6195,17
6196,73
6198,34
6199,51
6200,26
6201,39
6202,28
6203,45
6204,25
6206,53
6207,50
6209,43
6210,30
6211,30
6212,29
6213,35
6214,23
6215,40
6216,89
6217,32
6218,101
6219,36
6220,53
6222,107
6223,35
6225,152
6226,94
6227,27
6229,21
6231,37
6232,115
6233,29
6236,63
6238,78
6239,88
6240,79
6241,72
6242,139
6243,50
6244,61
6246,18
6247,29
6248,222
6249,83
6250,43
6251,78
6252,146
6254,35
6255,59
6256,67
6257,41
6258,65
6259,44
6260,37
6261,97
6262,23
6263,65
6264,185
6265,8
6266,31
6267,28
6268,27
6270,34
6271,27
6272,50
6273,9
6274,34
6275,30
6276,59
6277,79
6278,111
6280,30
6281,70
6282,17
6283,85
6284,23
6286,34
6287,134
6288,99
6289,25
6290,30
6291,42
6292,41
6293,27
6294,58
6295,35
6297,21
6298,75
6299,31
6300,38
6301,77
6302,109
6303,51
6304,43
6305,37
6306,81
6307,51
6308,25
6309,142
6310,42
6311,91
6313,83
6315,19
6316,51
6317,62
6319,33
6320,9
6321,80
6324,73
6326,175
6327,128
6328,38
6332,27
6333,8
6334,31
6335,43
6336,55
6337,85
6338,29
6339,27
6340,35
6341,65
6342,27
6343,16
6344,81
6345,25
6346,96
6348,220
6349,78
6350,82
6352,28
6353,90
6354,59
6355,89
6356,36
6357,72
6358,33
6359,52
6360,18
6361,137
6363,55
6364,64
6365,133
6366,55
6367,135
6368,25
6369,52
6370,30
6371,30
6372,87
6373,71
6374,61
6375,125
6376,76
6377,57
6378,83
6379,30
6381,85
6383,58
6384,59
6385,72
6386,81
6387,83
6388,32
6389,26
6391,42
6392,129
6393,75
6394,31
6396,65
6397,80
6398,12
6399,75
6400,61
6401,82
6402,26
6403,5
6404,69
6405,38
6407,64
6408,38
6410,42
6411,38
6412,63
6413,18
6414,33
6416,69
6417,81
6418,30
6419,38
6420,38
6421,29
6422,28
6423,30
6424,128
6425,44
6426,154
6429,28
6430,22
6431,73
6432,31
6433,102
6434,142
6437,96
6439,40
6440,25
6441,25
6443,83
6444,38
6446,92
6447,23
6448,41
6449,12
6450,25
6451,70
6452,156
6453,94
6454,104
6455,23
6456,39
6458,40
6459,75
6460,31
6461,42
6462,6
6463,79
6464,84
6465,29
6467,39
6468,19
6470,34
6471,22
6472,68
6473,37
6475,17
6476,73
6477,104
6478,108
6479,162
6480,41
6481,77
6482,30
6483,28
6484,68
6485,46
6486,53
6487,79
6488,26
6489,29
6490,37
6491,74
6492,39
6493,35
6494,65
6495,82
6497,28
6498,56
6499,85
6500,40
6501,76
6502,78
6503,54
6504,27
6506,103
6507,51
6508,117
6509,29
6510,84
6511,38
6512,73
6513,81
6514,55
6517,29
6518,79
6519,9
6520,95
6522,133
6523,39
6524,91
6525,29
6526,172
6527,23
6529,92
6530,22
6531,113
6532,97
6533,26
6534,194
6535,26
6536,25
6537,61
6538,84
6539,24
6540,118
6541,24
6542,27
6543,109
6546,34
6547,37
6548,52
6549,89
6550,38
6551,60
6552,158
6553,4
6555,32
6556,67
6557,33
6558,26
6559,31
6560,123
6561,224
6562,82
6563,80
6564,23
6566,43
6567,18
6568,25
6569,35
6570,39
6571,24
6572,83
6573,32
6574,63
6575,24
6577,92
6578,24
6579,83
6580,9
6581,25
6582,153
6583,149
6584,34
6585,41
6586,54
6587,95
6588,34
6589,26
6590,30
6591,110
6594,76
6595,26
6596,72
6597,18
6598,32
6599,29
6601,87
6602,41
6603,38
6604,34
6606,35
6607,81
6608,71
6609,84
6610,42
6611,16
6613,37
6614,25
6615,83
6616,99
6617,27
6619,41
6620,84
6621,67
6622,41
6623,43
6624,98
6626,36
6627,79
6628,54
6629,17
6630,36
6632,226
6633,78
6635,25
6636,99
6637,32
6638,76
6639,69
6640,75
6641,42
6642,41
6643,26
6645,26
6646,27
6647,16
6648,30
6649,46
6650,67
6651,27
6652,265
6653,149
6655,43
6656,29
6657,64
6659,8
6663,41
6664,31
6666,37
6667,83
6668,32
6669,90
6670,33
6671,69
6672,26
6673,40
6674,49
6675,64
6679,24
6680,43
6681,67
6682,91
6683,37
6684,79
6685,27
6686,31
6687,132
6688,64
6689,17
6690,51
6692,35
6693,63
6694,25
6696,30
6697,34
6698,36
6700,100
6701,101
6702,95
6703,33
6704,18
6705,73
6706,76
6707,35
6708,37
6709,76
6710,63
6711,44
6712,56
6713,165
6714,82
6715,33
6716,29
6719,54
6720,199
6721,53
6722,75
6724,184
6725,91
6726,84
6727,90
6728,36
6730,29
6731,100
6732,50
6734,38
6735,35
6736,36
6738,26
6739,34
6740,21
6741,31
6742,94
6743,23
6745,73
6746,17
6747,77
6748,29
6749,16
6750,35
6751,35
6752,34
6753,23
6754,60
6755,46
6756,84
6757,35
6758,371
6760,40
6762,28
6763,34
6764,59
6765,66
6766,105
6767,32
6768,146
6769,91
6770,39
6771,34
6773,123
6775,62
6776,17
6777,29
6778,50
6779,33
6780,75
6783,142
6784,63
6785,74
6786,172
6787,18
6789,25
6790,16
6791,58
6792,74
6793,42
6794,73
6795,33
6796,176
6797,94
6798,193
6799,80
6800,37
6801,41
6802,159
6803,12
6804,66
6805,44
6806,90
6807,48
6808,67
6809,56
6810,32
6811,78
6813,155
6814,66
6815,54
6816,26
6817,52
6818,12
6819,36
6820,60
6821,55
6822,27
6824,33
6825,26
6826,25
6827,50
6828,102
6829,62
6830,33
6831,107
6832,79
6833,60
6834,98
6835,120
6836,46
6837,69
6838,34
6839,25
6840,93
6843,39
6845,75
6846,64
6847,90
6848,124
6849,44
6850,53
6851,302
6852,6
6853,89
6854,84
6856,37
6857,520
6858,67
6859,28
6860,12
6861,37
6862,59
6863,84
6864,25
6865,70
6866,73
6867,97
6868,184
6869,96
6870,72
6871,72
6872,26
6873,36
6874,82
6875,35
6876,53
6877,103
6878,39
6879,6
6880,75
6881,23
6882,71
6883,30
6884,31
6885,168
6886,103
6887,59
6888,78
6889,18
6890,26
6891,73
6892,102
6893,28
6894,14
6895,10
6896,77
6897,45
6898,34
6899,26
6900,237
6901,107
6903,22
6904,28
6905,56
6906,31
6907,118
6909,20
6910,82
6911,88
6913,82
6914,29
6915,62
6916,42
6917,103
6918,74
6919,27
6920,78
6921,36
6922,33
6923,74
6924,72
6925,75
6926,66
6928,37
6929,27
6931,31
6932,145
6933,63
6934,74
6935,72
6936,142
6937,42
6938,20
6939,26
6940,24
6941,69
6942,104
6943,9
6944,60
6945,73
6946,46
6947,90
6948,146
6949,20
6950,90
6951,87
6952,135
6953,43
6954,29
6955,72
6956,19
6957,93
6958,35
6959,31
6960,142
6961,29
6962,78
6963,16
6964,48
6965,81
6966,33
6967,83
6968,34
6969,26
6970,72
6971,26
6972,26
6973,30
6974,180
6975,70
6976,127
6977,27
6978,122
6979,22
6980,41
6983,134
6984,41
6985,81
6987,56
6988,67
6989,39
6990,29
6991,25
6993,176
6994,51
6995,80
6996,56
6998,94
6999,34
7000,71
7001,136
7002,83
7003,42
7004,39
7006,75
7007,78
7008,30
7010,28
7011,34
7012,75
7013,26
7014,17
7015,40
7017,72
7018,34
7019,60
7020,85
7021,86
7023,43
7024,41
7026,148
7027,83
7028,16
7029,24
7030,81
7032,11
7033,55
7034,79
7035,59
7036,14
7038,43
7039,102
7040,27
7041,91
7042,34
7043,88
7044,50
7045,55
7046,41
7047,75
7048,132
7049,67
7050,152
7051,26
7052,28
7053,42
7055,27
7056,81
7057,43
7058,153
7059,146
7060,29
7061,81
7062,22
7063,87
7064,67
7065,98
7066,58
7067,209
7071,59
7072,26
7073,30
7074,35
7075,81
7076,59
7078,16
7079,73
7080,67
7081,32
7082,220
7083,74
7084,36
7085,33
7086,165
7088,34
7089,54
7090,27
7091,46
7092,156
7093,197
7094,39
7095,26
7096,74
7097,32
7098,52
7099,72
7100,69
7101,186
7103,68
7104,4
7105,89
7107,80
7108,47
7109,26
7111,41
7112,68
7113,83
7114,26
7115,117
7116,73
7117,41
7118,29
7119,145
7121,95
7122,33
7123,37
7124,70
7125,30
7126,30
7127,27
7129,23
7130,15
7131,41
7132,40
7133,27
7134,141
7136,36
7138,25
7139,27
7141,44
7142,38
7143,39
7144,17
7145,20
7147,242
7148,81
7149,87
7150,78
7152,90
7153,5
7154,27
7155,31
7156,9
7157,31
7158,90
7159,117
7161,212
7162,32
7163,8
7164,81
7165,57
7166,38
7167,52
7168,83
7170,35
7171,31
7173,38
7175,34
7176,3
7177,117
7178,73
7179,31
7180,94
7181,62
7182,36
7183,16
7184,36
7185,73
7186,25
7188,36
7189,35
7192,29
7193,28
7194,41
7195,29
7197,9
7198,32
7200,55
7201,25
7202,84
7204,76
7205,53
7206,30
7207,71
7208,30
7210,33
7211,29
7212,38
7213,59
7214,29
7215,27
7216,82
7218,83
7219,36
7220,113
7221,36
7222,80
7223,29
7224,69
7225,52
7226,37
7227,111
7228,67
7229,75
7231,63
7232,29
7234,28
7235,83
7236,33
7237,77
7238,105
7239,31
7240,149
7241,25
7242,206
7244,29
7245,31
7247,73
7248,88
7249,34
7250,27
7251,93
7252,70
7253,43
7254,24
7255,41
7256,40
7257,137
7260,157
7261,40
7262,44
7263,40
7264,95
7265,50
7266,25
7267,18
7268,42
7269,20
7270,34
7271,34
7272,28
7273,31
7274,9
7275,29
7277,31
7278,38
7279,85
7280,180
7281,144
7282,75
7285,139
7286,91
7288,38
7289,34
7290,110
7291,34
7292,29
7293,29
7294,106
7296,32
7297,73
7298,143
7299,17
7301,59
7302,41
7303,70
7304,29
7306,65
7307,58
7308,22
7309,132
7310,66
7311,59
7313,44
7314,14
7315,15
7316,28
7318,37
7319,32
7320,83
7321,98
7322,52
7323,85
7324,140
7325,26
7326,220
7327,25
7329,33
7330,30
7331,83
7332,97
7333,27
7334,77
7335,88
7336,77
7337,84
7338,81
7339,87
7340,34
7341,107
7342,84
7343,19
7344,42
7345,108
7346,34
7347,79
7349,83
7350,12
7351,65
7352,41
7354,63
7355,166
7356,70
7358,196
7359,22
7360,126
7362,56
7363,38
7364,126
7366,42
7367,41
7368,117
7369,25
7370,91
7371,36
7372,29
7373,18
7374,72
7375,31
7376,28
7377,45
7378,86
7379,142
7381,35
7382,30
7383,32
7384,40
7385,23
7387,38
7388,251
7389,29
7390,44
7391,42
7392,27
7393,107
7394,34
7395,43
7396,75
7397,23
7398,74
7399,52
7400,96
7401,29
7402,29
7403,19
7404,74
7405,31
7406,28
7408,180
7409,106
7410,41
7411,26
7412,5
7413,110
7414,26
7416,158
7417,110
7418,34
7419,29
7420,33
7421,19
7422,42
7423,58
7424,36
7426,88
7427,70
7429,75
7431,93
7432,94
7433,97
7434,36
7435,38
7436,77
7437,17
7439,60
7440,42
7442,54
7443,29
7445,42
7446,108
7447,25
7448,28
7449,132
7450,82
7452,32
7453,33
7455,27
7456,25
7457,69
7458,71
7459,28
7460,26
7461,49
7463,44
7464,91
7466,32
7467,55
7468,44
7469,35
7470,29
7471,82
7472,77
7473,32
7475,41
7476,65
7477,26
7478,54
7479,30
7480,26
7481,31
7482,62
7483,59
7485,23
7486,61
7487,159
7488,31
7489,40
7490,29
7491,25
7492,55
7493,72
7494,37
7495,80
7497,26
7498,67
7499,9
7501,95
7502,62
7503,30
7504,44
7505,159
7506,54
7507,180
7509,29
7510,29
7511,67
7512,73
7513,38
7514,85
7515,64
7516,33
7517,129
7518,6
7522,69
7523,33
7525,28
7526,63
7528,16
7529,37
7530,33
7531,32
7532,24
7533,181
7534,77
7536,73
7538,134
7539,56
7540,26
7541,7
7542,77
7543,28
7544,183
7545,87
7546,33
7548,71
7549,41
7550,33
7551,26
7552,46
7553,54
7554,36
7555,34
7556,233
7557,29
7559,28
7560,37
7561,16
7562,35
7563,12
7564,80
7568,70
7569,23
7570,27
7571,69
7572,77
7573,95
7574,23
7575,22
7576,27
7577,299
7578,41
7580,27
7581,71
7582,85
7583,60
7584,147
7585,61
7586,24
7587,151
7588,53
7589,38
7590,71
7591,74
7592,37
7593,71
7594,52
7595,29
7597,79
7598,54
7599,73
7600,27
7601,27
7604,56
7605,42
7607,77
7609,35
7610,95
7611,16
7613,64
7615,157
7616,23
7617,33
7618,79
7619,17
7620,17
7621,30
7622,28
7623,159
7624,73
7625,24
7626,89
7627,30
7628,37
7629,41
7630,115
7631,105
7632,83
7633,85
7634,33
7635,19
7636,41
7637,12
7638,64
7639,32
7641,32
7643,78
7644,43
7645,50
7646,101
7647,120
7649,84
7650,75
7651,31
7652,34
7653,67
7654,59
7655,79
7656,22
7658,136
7659,153
7661,32
7662,157
7663,44
7664,16
7665,25
7666,19
7668,36
7669,54
7670,75
7671,115
7672,32
7673,77
7674,29
7675,24
7676,196
7677,52
7678,51
7680,6
7681,127
7682,35
7683,56
7686,84
7687,35
7688,33
7689,63
7690,53
7691,4
7692,30
7693,30
7694,38
7695,27
7696,34
7697,20
7699,90
7700,41
7701,83
7703,43
7704,67
7705,146
7706,79
7709,66
7710,82
7712,21
7713,9
7714,33
7716,46
7717,28
7718,257
7719,44
7720,32
7721,72
7722,74
7723,27
7724,140
7725,36
7726,93
7727,61
7728,37
7729,76
7730,27
7731,25
7733,69
7734,47
7735,10
7736,28
7737,139
7739,63
7740,27
7741,85
7742,114
7743,111
7745,76
7746,29
7747,36
7748,33
7749,68
7750,23
7751,62
7752,35
7754,130
7755,4
7757,32
7758,28
7759,44
7761,141
7762,75
7763,10
7764,82
7766,73
7767,42
7768,144
7769,44
7770,135
7771,27
7772,36
7773,181
7774,41
7775,68
7777,8
7778,36
7780,35
7781,43
7782,56
7784,36
7786,28
7787,46
7790,28
7791,27
7792,107
7793,35
7794,54
7795,12
7796,33
7797,140
7798,52
7799,34
7800,25
7801,97
7802,39
7804,31
7806,254
7807,88
7808,238
7809,114
7810,32
7811,78
7813,82
7814,93
7815,54
7816,55
7817,23
7818,39
7819,19
7820,33
7821,28
7822,65
7824,56
7825,8
7826,90
7827,181
7828,78
7829,68
7830,22
7831,104
7832,194
7833,73
7834,31
7835,74
7836,84
7837,36
7838,46
7839,51
7840,30
7842,149
7843,132
7844,57
7845,31
7846,41
7847,97
7849,138
7850,31
7851,9
7852,79
7853,53
7854,59
7855,23
7858,75
7859,36
7860,28
7863,28
7864,31
7865,44
7867,56
7868,11
7869,22
7870,27
7871,224
7872,18
7873,25
7874,193
7875,21
7876,53
7877,36
7878,137
7879,91
7880,26
7881,89
7882,31
7883,121
7885,29
7886,102
7887,53
7888,33
7889,5
7890,95
7891,27
7893,38
7895,140
7897,32
7898,72
7899,132
7900,79
7901,41
7902,158
7903,23
7904,81
7905,88
7907,43
7908,64
7909,32
7910,38
7913,39
7914,43
7915,38
7916,73
7917,29
7919,117
7920,95
7921,77
7922,167
7923,78
7924,25
7925,142
7926,22
7927,31
7929,15
7930,30
7931,38
7933,120
7934,37
7935,146
7936,75
7937,101
7938,56
7939,34
7940,9
7941,28
7942,142
7943,202
7944,68
7945,82
7946,51
7947,72
7948,30
7949,30
7950,131
7951,40
7952,73
7953,180
7954,40
7955,31
7956,95
7957,60
7958,75
7960,130
7961,27
7962,30
7963,31
7965,72
7966,144
7967,18
7968,74
7969,38
7970,30
7971,80
7972,18
7973,56
7974,112
7976,141
7977,26
7978,57
7979,25
7980,55
7981,201
7983,22
7985,28
7986,8
7987,98
7988,37
7989,42
7990,25
7991,31
7992,20
7993,39
7994,179
7995,97
7996,27
7998,75
7999,42
8001,70
8002,109
8003,88
8004,122
8005,23
8007,141
8010,25
8011,52
8012,32
8013,27
8014,24
8015,53
8016,27
8017,184
8018,37
8019,36
8020,74
8022,30
8023,20
8025,39
8026,83
8027,104
8028,32
8029,27
8030,43
8031,33
8033,159
8034,83
8035,130
8036,115
8039,34
8040,114
8041,102
8042,28
8043,38
8044,33
8045,33
8047,31
8048,86
8049,64
8051,61
8052,106
8053,26
8054,30
8055,31
8056,39
8057,30
8058,34
8059,57
8060,31
8062,31
8064,41
8065,104
8066,58
8067,31
8069,27
8070,71
8071,160
8072,19
8073,10
8075,9
8076,49
8077,38
8079,33
8080,55
8082,16
8083,39
8084,71
8085,79
8086,29
8087,43
8088,84
8089,26
8090,53
8091,107
8092,135
8093,116
8094,40
8097,80
8098,105
8099,71
8100,27
8102,66
8103,156
8104,36
8105,104
8106,110
8107,76
8108,30
8109,42
8110,40
8111,56
8112,103
8113,35
8114,74
8115,12
8116,32
8118,69
8119,103
8120,45
8122,70
8123,29
8124,72
8125,104
8126,260
8127,15
8128,29
8129,48
8130,86
8131,29
8132,110
8133,37
8134,21
8135,73
8138,35
8140,78
8141,47
8142,83
8143,29
8144,70
8145,161
8147,80
8148,173
8149,78
8150,69
8151,72
8152,30
8153,175
8154,18
8156,29
8158,96
8160,76
8161,26
8162,73
8163,30
8164,16
8165,120
8166,63
8167,62
8168,123
8169,31
8170,30
8171,12
8172,33
8173,92
8174,61
8175,68
8176,36
8177,42
8178,16
8179,39
8180,51
8181,39
8182,23
8184,34
8185,51
8186,31
8187,38
8188,36
8189,84
8190,52
8191,30
8192,27
8193,93
8194,33
8195,58
8196,74
8197,22
8198,43
8200,43
8201,78
8202,21
8203,67
8204,201
8205,64
8206,74
8207,20
8208,16
8209,33
8211,72
8212,73
8213,60
8214,50
8216,28
8218,25
8219,139
8220,40
8221,19
8222,31
8224,108
8225,42
8227,73
8228,65
8229,30
8230,152
8232,30
8233,41
8234,31
8235,75
8236,26
8237,31
8238,43
8239,33
8240,91
8241,29
8242,67
8243,34
8244,57
8245,71
8247,27
8248,110
8249,106
8250,88
8251,103
8252,18
8254,2
8255,28
8256,76
8257,110
8258,91
8259,32
8260,41
8261,43
8262,51
8263,7
8264,133
8265,27
8266,43
8267,31
8268,81
8269,36
8270,72
8271,71
8272,63
8273,32
8274,38
8275,267
8276,42
8279,42
8281,8
8282,31
8283,31
8284,76
8286,60
8288,124
8289,21
8290,95
8293,50
8294,38
8296,43
8297,141
8298,21
8299,52
8300,35
8301,26
8302,207
8303,32
8304,34
8305,37
8307,108
8309,28
8310,37
8311,26
8312,44
8313,53
8314,38
8315,30
8317,77
8319,72
8320,83
8322,42
8324,16
8327,29
8328,13
8329,27
8330,30
8331,73
8334,79
8335,81
8336,94
8337,26
8338,44
8339,79
8341,42
8342,32
8343,28
8344,57
8345,39
8346,73
8347,67
8348,85
8349,94
8350,40
8351,42
8352,28
8353,26
8354,27
8355,41
8357,30
8358,29
8360,111
8361,28
8362,39
8363,29
8364,134
8365,32
8366,30
8367,35
8368,55
8369,55
8370,29
8371,42
8372,131
8374,25
8376,55
8378,92
8379,69
8380,25
8381,110
8382,71
8383,31
8384,12
8385,57
8386,26
8387,42
8388,45
8389,69
8390,70
8391,82
8392,51
8393,84
8395,16
8396,74
8397,30
8398,84
8399,162
8400,58
8401,127
8403,87
8404,38
8405,30
8406,69
8407,27
8408,72
8409,90
8410,30
8411,82
8412,51
8414,22
8415,159
8416,27
8417,31
8418,45
8419,26
8420,72
8421,251
8423,26
8424,88
8425,85
8426,28
8427,26
8429,26
8430,36
8431,176
8432,78
8433,59
8434,142
8435,31
8436,68
8437,75
8439,25
8441,63
8442,80
8443,30
8445,46
8446,59
8447,57
8448,72
8449,33
8451,182
8452,104
8453,212
8455,64
8456,27
8457,126
8458,91
8459,38
8460,71
8462,41
8463,30
8464,136
8465,24
8466,34
8467,54
8468,24
8469,22
8471,74
8472,97
8473,76
8474,197
8476,148
8477,125
8479,56
8480,27
8483,203
8484,27
8485,41
8486,45
8487,136
8488,55
8489,27
8490,29
8491,62
8492,38
8493,78
8494,36
8495,39
8497,50
8498,29
8500,51
8501,84
8502,38
8503,42
8504,34
8506,12
8507,81
8508,43
8509,66
8510,55
8511,96
8512,80
8513,65
8514,31
8515,26
8516,92
8517,86
8518,56
8519,188
8520,141
8521,47
8522,53
8523,40
8524,22
8525,54
8526,41
8527,31
8528,63
8529,78
8530,93
8531,35
8532,25
8534,53
8535,27
8537,9
8538,139
8539,168
8540,53
8541,31
8542,43
8543,225
8544,112
8545,61
8546,31
8549,7
8550,39
8551,213
8552,31
8555,28
8556,101
8557,72
8558,61
8559,28
8560,18
8561,27
8562,30
8563,31
8564,39
8565,77
8566,21
8567,35
8568,35
8569,42
8570,68
8571,29
8572,31
8573,37
8574,25
8575,35
8576,93
8578,98
8579,26
8580,51
8581,88
8582,137
8583,76
8584,106
8585,42
8586,42
8587,56
8588,83
8589,31
8590,79
8591,116
8592,146
8593,66
8594,111
8595,176
8596,64
8597,29
8600,36
8601,78
8602,52
8605,90
8607,157
8608,9
8609,125
8610,64
8611,89
8612,54
8613,65
8614,24
8615,18
8616,20
8617,91
8618,36
8619,35
8620,27
8621,32
8622,68
8623,86
8624,32
8626,4
8627,83
8628,314
8629,82
8630,9
8631,39
8632,105
8633,16
8634,18
8635,77
8636,35
8637,144
8638,36
8639,164
8641,120
8642,96
8643,18
8644,65
8645,31
8646,28
8647,39
8648,81
8649,15
8651,173
8653,39
8654,110
8655,40
8656,54
8657,32
8658,106
8659,49
8660,69
8661,32
8662,54
8663,16
8664,30
8666,29
8667,96
8668,32
8669,28
8670,81
8671,44
8672,79
8673,42
8674,48
8675,27
8677,68
8678,38
8680,16
8681,37
8682,86
8683,20
8684,37
8685,78
8686,26
8687,36
8688,9
8689,91
8690,36
8691,192
8693,19
8694,47
8695,19
8696,88
8697,72
8698,16
8700,31
8701,98
8702,72
8703,88
8704,84
8705,70
8707,59
8709,63
8710,27
8712,40
8714,27
8715,45
8716,33
8718,93
8719,81
8720,73
8721,109
8722,9
8723,83
8725,76
8726,27
8727,74
8728,37
8729,28
8730,54
8731,17
8732,35
8733,12
8735,40
8736,35
8737,41
8738,79
8739,289
8740,27
8741,36
8742,35
8743,27
8744,68
8746,28
8747,9
8748,45
8749,25
8750,66
8751,36
8752,23
8753,17
8754,32
8755,27
8756,43
8757,24
8758,100
8759,54
8760,72
8761,87
8762,27
8763,116
8765,137
8766,148
8767,107
8770,34
8771,30
8772,79
8774,34
8775,41
8778,139
8779,25
8780,69
8781,16
8784,147
8785,36
8786,32
8788,26
8789,112
8790,141
8791,30
8792,87
8794,33
8795,6
8796,28
8797,69
8798,35
8799,101
8801,33
8803,93
8804,26
8805,55
8806,55
8807,16
8809,52
8810,73
8811,119
8812,15
8814,59
8818,132
8819,75
8821,159
8822,123
8823,85
8826,6
8827,58
8828,110
8829,27
8830,118
8831,20
8833,185
8834,26
8835,64
8836,20
8837,5
8838,21
8840,30
8841,31
8842,30
8843,38
8844,262
8845,81
8846,8
8847,51
8848,12
8849,32
8850,42
8852,97
8853,73
8854,30
8855,41
8856,25
8857,113
8860,87
8861,58
8862,47
8863,85
8864,37
8865,38
8867,59
8868,113
8869,72
8870,19
8871,57
8872,24
8874,25
8875,269
8876,70
8877,28
8878,90
8879,41
8880,78
8881,25
8882,147
8884,42
8886,130
8887,37
8888,142
8889,31
8890,40
8891,23
8892,75
8893,39
8894,27
8895,77
8897,54
8899,55
8900,30
8902,27
8903,25
8904,132
8905,61
8906,96
8907,27
8909,41
8910,129
8911,76
8912,30
8913,76
8914,66
8915,42
8916,44
8918,76
8919,53
8920,73
8921,41
8923,52
8925,73
8926,92
8927,155
8929,35
8930,142
8931,103
8932,123
8933,35
8934,39
8935,71
8936,77
8937,71
8938,48
8939,12
8941,71
8942,102
8943,130
8944,34
8945,20
8946,73
8947,41
8948,243
8949,28
8950,31
8951,100
8952,26
8954,31
8955,85
8956,103
8957,28
8958,24
8959,40
8960,22
8961,47
8962,37
8963,138
8964,36
8965,16
8966,112
8968,39
8969,138
8970,39
8971,34
8972,41
8973,30
8974,37
8975,71
8976,72
8978,32
8981,140
8982,37
8983,71
8984,28
8987,36
8988,112
8989,31
8990,41
8991,61
8992,21
8993,82
8994,71
8995,51
8996,168
8997,32
8999,30
9000,125
9001,25
9003,56
9004,94
9005,31
9006,54
9008,30
9009,112
9010,40
9011,75
9012,16
9013,25
9015,40
9016,27
9017,33
9018,32
9019,68
9021,6
9022,83
9023,88
9024,94
9025,25
9026,30
9027,78
9028,78
9029,31
9030,60
9031,28
9032,33
9033,59
9034,315
9035,33
9036,42
9037,63
9038,25
9039,26
9040,37
9041,109
9042,13
9043,38
9044,12
9045,41
9047,165
9048,18
9049,82
9051,23
9052,56
9053,22
9054,93
9055,96
9057,34
9058,30
9059,29
9060,154
9062,81
9063,105
9064,27
9066,36
9068,26
9070,60
9071,76
9072,103
9073,81
9074,216
9075,50
9076,53
9077,247
9078,46
9080,38
9081,87
9082,70
9083,122
9085,42
9086,58
9087,115
9088,52
9089,81
9090,51
9091,25
9092,29
9093,39
9094,26
9096,106
9097,28
9099,41
9100,289
9101,60
9102,121
9103,36
9104,24
9105,25
9106,32
9107,50
9108,56
9109,259
9111,94
9112,78
9113,72
9114,72
9115,36
9116,64
9118,65
9119,35
9120,49
9121,28
9122,74
9123,91
9124,219
9126,94
9127,2
9128,26
9129,73
9130,68
9131,23
9133,72
9134,93
9135,81
9136,22
9138,26
9139,27
9140,77
9142,26
9143,79
9144,99
9145,27
9146,72
9147,38
9148,107
9149,158
9151,118
9152,85
9154,49
9155,25
9156,19
9157,36
9158,83
9159,67
9160,10
9161,18
9162,39
9163,27
9164,89
9165,39
9166,73
9169,31
9170,38
9172,148
9173,123
9174,140
9176,86
9177,93
9178,73
9179,60
9180,31
9181,38
9182,66
9183,84
9186,25
9187,131
9188,129
9190,168
9191,29
9192,35
9193,94
9194,48
9195,131
9196,54
9198,155
9199,25
9200,204
9201,25
9202,39
9203,39
9205,78
9206,19
9207,78
9209,25
9210,25
9212,36
9213,81
9214,53
9215,130
9217,25
9218,86
9219,25
9220,66
9221,104
9222,44
9223,14
9224,83
9225,37
9226,62
9227,40
9228,118
9229,97
9231,85
9232,137
9233,119
9234,32
9235,107
9236,71
9239,154
9240,54
9241,84
9242,108
9245,88
9246,31
9247,98
9249,93
9250,25
9251,112
9252,132
9253,10
9254,80
9255,38
9257,57
9258,101
9259,43
9260,35
9261,43
9263,52
9264,27
9266,27
9267,77
9269,23
9270,77
9271,152
9272,33
9273,36
9274,38
9275,55
9276,43
9278,109
9279,99
9280,29
9281,110
9282,32
9283,25
9284,42
9285,32
9286,94
9287,84
9288,30
9289,86
9291,141
9292,18
9293,180
9294,78
9295,31
9296,63
9299,42
9300,29
9301,30
9302,29
9303,141
9304,95
9305,34
9306,30
9308,34
9309,77
9310,26
9312,140
9313,30
9314,25
9316,34
9317,80
9318,54
9319,88
9320,86
9321,37
9322,2
9323,50
9324,104
9326,37
9327,29
9328,41
9329,70
9330,145
9331,61
9332,29
9333,85
9334,18
9335,244
9336,50
9337,30
9338,80
9339,38
9340,90
9341,35
9342,61
9343,64
9344,107
9345,43
9346,62
9347,29
9348,44
9349,200
9350,32
9351,78
9352,267
9353,39
9354,124
9356,54
9358,55
9359,27
9360,26
9361,127
9363,80
9364,66
9365,142
9366,31
9367,6
9368,31
9369,4
9370,28
9371,96
9372,17
9374,55
9375,9
9376,38
9377,74
9378,67
9379,49
9380,36
9382,43
9383,18
9384,43
9385,31
9386,99
9387,174
9388,21
9389,35
9390,70
9391,94
9392,95
9394,140
9395,30
9396,42
9397,63
9398,83
9399,78
9401,75
9403,39
9404,73
9405,37
9406,129
9408,18
9410,32
9411,37
9413,68
9414,208
9415,176
9416,16
9417,94
9419,118
9420,41
9421,25
9422,23
9423,27
9424,26
9426,29
9427,59
9428,24
9429,32
9430,81
9431,74
9432,24
9433,39
9434,27
9435,29
9436,84
9437,29
9439,66
9440,85
9441,61
9442,81
9443,59
9444,19
9445,28
9446,43
9449,65
9450,43
9451,208
9452,60
9453,49
9454,85
9455,39
9456,65
9457,93
9459,52
9460,81
9461,57
9462,90
9463,83
9464,177
9465,30
9466,68
9467,81
9468,19
9469,148
9470,173
9471,10
9472,76
9473,182
9474,52
9475,23
9476,94
9477,30
9478,297
9479,52
9482,19
9483,65
9484,110
9486,26
9487,72
9488,107
9489,169
9490,35
9492,29
9494,79
9495,33
9497,85
9498,33
9499,63
9500,31
9501,43
9502,30
9503,24
9504,72
9506,44
9507,18
9508,33
9509,41
9510,82
9512,36
9514,113
9516,338
9517,52
9518,9
9519,6
9520,50
9521,35
9522,69
9523,134
9524,29
9525,110
9526,234
9527,24
9528,34
9529,12
9530,201
9531,71
9532,56
9533,78
9534,74
9535,134
9538,119
9540,68
9541,31
9542,28
9543,75
9544,84
9545,109
9546,30
9547,34
9548,37
9549,27
9552,24
9554,27
9555,72
9556,32
9557,107
9558,46
9559,21
9560,29
9561,59
9562,83
9563,74
9564,48
9565,44
9567,99
9568,23
9569,151
9570,117
9571,40
9572,25
9574,35
9575,84
9576,44
9577,25
9578,123
9579,79
9580,49
9581,30
9582,194
9583,41
9584,122
9585,33
9586,85
9587,53
9588,39
9589,72
9590,24
9591,35
9593,26
9594,18
9595,38
9597,180
9598,35
9599,15
9600,36
9603,87
9604,62
9606,67
9607,101
9609,93
9610,34
9611,70
9612,72
9613,24
9614,63
9615,30
9618,144
9619,59
9620,83
9621,166
9622,36
9623,27
9624,32
9625,80
9626,22
9628,69
9629,83
9630,25
9631,34
9632,215
9633,35
9634,33
9635,133
9636,51
9638,232
9639,82
9640,29
9641,36
9642,78
9643,49
9644,74
9645,71
9646,162
9647,216
9648,16
9649,112
9650,38
9651,75
9652,103
9653,80
9654,39
9656,110
9657,29
9659,106
9660,43
9663,72
9664,68
9665,15
9667,12
9668,131
9669,37
9670,37
9671,83
9673,31
9674,25
9676,118
9677,32
9678,72
9680,47
9681,30
9682,32
9683,66
9684,73
9685,68
9686,25
9687,40
9688,31
9689,15
9690,118
9691,61
9693,43
9694,48
9695,33
9696,93
9698,28
9699,109
9700,77
9701,43
9705,91
9706,158
9707,95
9708,2
9709,8
9710,86
9712,44
9713,30
9714,63
9715,72
9717,33
9718,49
9719,66
9720,51
9721,82
9722,61
9723,43
9724,31
9725,57
9726,28
9727,26
9728,49
9729,78
9730,39
9731,27
9732,24
9733,28
9734,29
9735,60
9737,29
9738,42
9739,70
9740,10
9741,39
9742,90
9744,63
9747,96
9749,79
9750,50
9751,55
9753,69
9754,32
9756,85
9757,59
9758,14
9759,57
9760,91
9761,75
9762,33
9764,34
9765,68
9767,150
9769,90
9770,62
9771,134
9772,33
9773,99
9774,92
9775,89
9776,66
9777,29
9778,77
9779,54
9780,28
9782,33
9783,31
9784,25
9785,19
9786,138
9787,54
9788,89
9789,24
9790,41
9791,56
9792,119
9793,102
9794,31
9795,12
9796,23
9797,84
9798,29
9799,24
9800,22
9801,58
9802,43
9803,42
9804,21
9805,71
9806,9
9807,87
9808,40
9809,29
9810,109
9811,32
9812,95
9813,116
9814,33
9815,24
9817,29
9819,32
9822,13
9823,38
9824,84
9825,76
9826,98
9827,10
9828,73
9829,41
9831,72
9833,45
9834,62
9836,73
9837,36
9838,32
9839,145
9840,31
9842,86
9843,23
9844,50
9845,26
9846,35
9847,31
9848,18
9849,150
9850,52
9851,84
9852,35
9853,63
9854,75
9855,82
9857,35
9858,66
9859,115
9860,29
9861,133
9862,32
9863,26
9864,33
9865,59
9866,12
9867,32
9868,83
9869,98
9870,31
9871,39
9872,20
9873,105
9874,30
9876,43
9877,18
9878,96
9880,11
9881,39
9883,74
9884,89
9885,92
9886,28
9888,71
9889,38
9890,71
9892,40
9893,35
9894,33
9895,138
9896,82
9897,70
9898,82
9900,38
9902,288
9904,54
9905,88
9906,34
9907,65
9908,29
9909,30
9910,54
9911,71
9912,42
9913,36
9914,19
9917,31
9918,119
9919,33
9920,25
9922,29
9923,52
9924,26
9925,36
9926,29
9928,74
9929,78
9930,80
9931,31
9932,7
9933,9
9934,83
9935,70
9936,27
9937,112
9938,103
9939,29
9941,23
9942,34
9943,29
9944,89
9945,40
9948,74
9949,149
9950,33
9951,149
9952,114
9953,18
9955,38
9956,25
9957,96
9958,131
9959,28
9960,29
9961,26
9962,40
9963,8
9964,31
9965,78
9966,84
9967,26
9969,52
9972,33
9973,60
9974,33
9975,55
9976,68
9977,29
9978,92
9979,73
9980,49
9981,12
9982,193
9983,82
9984,33
9986,33
9987,30
9989,147
9990,96
9991,43
9992,74
9993,12
9994,25
9995,85
9998,62
9999,33
10000,35
10003,75
10005,95
10007,73
10010,91
10011,105
10012,16
10013,47
10014,67
10016,24
10017,31
10018,41
10019,79
10020,24
10021,29
10022,16
10023,158
10024,81
10025,67
10026,40
10027,156
10028,94
10029,118
10030,16
10031,44
10032,77
10033,133
10036,87
10038,156
10039,54
10040,53
10041,90
10042,40
10043,58
10044,17
10045,56
10046,30
10047,76
10048,65
10049,76
10051,76
10052,27
10053,75
10054,25
10055,156
10056,75
10057,84
10058,84
10059,25
10060,156
10061,101
10063,67
10064,262
10066,44
10067,79
10068,34
10069,69
10070,102
10071,37
10072,36
10073,110
10074,29
10075,35
10076,26
10078,48
10079,29
10080,66
10081,9
10082,26
10083,31
10084,29
10085,31
10087,194
10088,29
10090,74
10091,8
10092,9
10093,37
10095,96
10097,84
10099,37
10100,54
10101,38
10102,67
10103,44
10104,90
10105,32
10106,67
10107,35
10108,25
10109,33
10110,29
10111,118
10112,31
10113,103
10115,73
10116,29
10118,29
10119,41
10120,65
10121,14
10122,36
10123,74
10124,109
10126,72
10127,82
10128,108
10129,24
10131,81
10132,56
10133,159
10134,28
10136,76
10137,112
10138,28
10139,37
10140,59
10141,73
10142,16
10144,43
10145,86
10146,124
10147,34
10148,35
10150,29
10152,63
10153,27
10155,40
10156,193
10157,169
10159,76
10160,8
10161,207
10162,46
10163,73
10164,58
10165,79
10166,72
10167,59
10170,40
10171,28
10172,136
10173,44
10175,61
10176,23
10177,49
10178,152
10179,28
10181,64
10182,33
10183,71
10184,12
10186,25
10188,41
10189,86
10190,26
10191,30
10192,16
10193,28
10194,30
10195,30
10196,33
10197,95
10198,125
10199,27
10200,38
10202,40
10205,33
10206,12
10208,157
10209,33
10210,93
10212,37
10213,106
10215,29
10216,5
10217,23
10218,27
10219,29
10220,24
10221,97
10224,62
10225,82
10226,53
10227,43
10228,105
10229,84
10230,158
10232,92
10233,24
10234,89
10235,24
10236,52
10237,126
10238,27
10241,25
10242,62
10243,36
10244,40
10245,64
10247,92
10248,42
10249,29
10250,43
10251,38
10252,136
10253,116
10254,28
10255,33
10256,43
10258,38
10259,23
10260,39
10261,31
10262,69
10264,60
10265,28
10266,83
10267,56
10268,43
10269,32
10270,27
10271,25
10272,30
10273,27
10275,69
10276,86
10277,96
10279,69
10280,63
10282,27
10283,50
10284,28
10285,18
10286,34
10287,59
10288,122
10290,135
10292,37
10293,54
10294,129
10295,56
10296,23
10297,30
10298,142
10299,42
10300,56
10301,26
10302,47
10303,70
10304,30
10306,17
10307,43
10308,23
10309,18
10310,207
10312,74
10313,68
10314,61
10315,72
10317,141
10318,26
10319,95
10320,27
10321,35
10322,54
10323,94
10324,73
10326,75
10327,159
10328,83
10329,32
10330,26
10331,37
10332,80
10333,29
10334,24
10335,99
10336,85
10337,9
10338,81
10339,82
10340,28
10341,41
10342,53
10343,38
10344,80
10345,82
10347,69
10348,33
10349,55
10351,66
10353,86
10355,22
10356,207
10358,94
10359,29
10360,34
10361,56
10362,104
10364,31
10365,59
10368,96
10369,79
10370,55
10371,63
10372,36
10373,37
10374,27
10375,41
10376,9
10377,40
10378,24
10379,27
10380,39
10381,32
10382,71
10383,156
10384,37
10385,14
10386,66
10387,80
10388,22
10390,27
10391,38
10392,34
10393,36
10396,33
10397,34
10398,22
10399,20
10400,84
10401,35
10402,58
10403,19
10404,54
10405,34
10406,156
10407,54
10408,69
10409,8
10410,41
10411,44
10412,69
10413,22
10414,23
10415,125
10416,34
10417,149
10418,28
10420,63
10421,29
10422,74
10423,60
10425,73
10426,38
10427,76
10429,73
10430,30
10431,31
10432,36
10433,37
10434,88
10435,29
10436,36
10438,49
10439,60
10440,19
10441,35
10442,81
10443,32
10444,34
10445,292
10447,17
10448,42
10449,84
10450,43
10451,94
10452,48
10453,105
10454,18
10456,23
10458,91
10459,46
10460,30
10462,86
10463,77
10464,40
10466,70
10467,40
10468,38
10469,103
10471,75
10472,8
10473,20
10474,42
10476,110
10477,100
10478,93
10479,70
10480,49
10483,35
10484,81
10486,65
10487,42
10488,55
10489,122
10490,34
10491,15
10492,28
10493,83
10497,70
10498,148
10500,43
10501,25
10502,58
10503,80
10504,96
10505,83
10506,153
10507,239
10508,67
10509,30
10510,36
10511,12
10512,82
10513,33
10514,27
10515,36
10516,26
10517,26
10518,158
10519,135
10521,39
10522,86
10523,177
10525,30
10526,37
10527,41
10528,73
10529,23
10533,63
10535,54
10536,58
10537,30
10538,63
10539,69
10540,73
10541,28
10542,62
10543,126
10544,81
10545,107
10546,29
10547,31
10548,72
10549,43
10551,36
10552,53
10553,12
10554,174
10555,79
10556,27
10557,42
10558,38
10559,33
10560,32
10561,70
10562,36
10563,25
10564,27
10565,68
10566,91
10567,60
10568,22
10569,34
10570,154
10571,72
10572,72
10573,17
10574,31
10575,127
10576,163
10577,32
10578,71
10579,28
10581,38
10582,29
10583,30
10584,36
10585,32
10586,86
10588,107
10589,57
10590,115
10591,83
10592,30
10593,94
10594,76
10595,43
10596,84
10597,54
10598,73
10599,104
10600,31
10601,24
10602,32
10603,95
10605,12
10606,22
10607,79
10608,95
10609,16
10610,22
10611,79
10612,24
10613,67
10614,69
10615,67
10616,207
10617,39
10618,36
10619,55
10620,69
10621,69
10622,30
10623,30
10624,23
10625,61
10626,27
10627,37
10629,78
10630,122
10633,51
10634,110
10635,43
10636,71
10637,34
10638,163
10639,38
10640,29
10642,17
10643,21
10644,89
10645,22
10646,80
10647,34
10648,78
10650,40
10652,37
10654,156
10655,52
11008,35
11009,32
11010,73
11011,16
11012,27
11013,78
11014,78
11016,78
11017,78
11018,78
11019,79
11020,74
11021,78
11022,79
11023,78
11024,16
11025,27
11026,27
11027,79
11035,72
11036,72
11037,160
11038,129
11039,78
11040,77
11041,81
11042,81
11043,78
11045,78
11046,7
11047,36
11049,6
11050,11
11051,6
11055,35
11056,56
11057,30
11058,33
11059,30
11061,233
11062,16
11063,64
11064,77
11065,74
11068,55
11069,78
11070,78
11071,8
11073,78
11074,78
11075,78
11076,72
11077,72
11078,76
11079,79
11080,78
11081,72
11083,77
11084,77
11085,73
11086,16
11087,27
11089,77
11090,27
11091,8
11092,44
11093,79
11095,16
11096,74
11098,78
11100,78
11101,78
11102,76
11103,78
11104,79
11105,76
11106,27
11107,78
11108,72
11109,76
11110,77
11111,78
11112,27
11113,78
11114,77
11115,27
11117,77
11118,73
11119,77
11120,105
11122,54
11123,54
11125,107
11126,83
11127,84
11128,106
11154,152
11158,33
11159,29
11161,48
11162,97
11163,32
11164,38
11165,31
11173,71
11174,231
11175,219
11176,229
11177,223
11178,231
11179,222
11180,151
11181,220
11182,148
11183,140
11185,140
11186,149
11187,139
11188,142
11189,140
11190,219
11191,231
11192,29
11193,168
11194,83
11195,59
11204,30
11205,48
11206,218
11207,69
11208,46
11209,91
11210,249
11211,5
11212,58
11213,88
11220,7
11222,22
11223,19
11224,36
11225,53
11226,56
11227,43
11228,44
11229,17
11230,152
11231,56
11232,108
11233,186
11234,23
11235,23
11236,25
11237,25
11238,55
11239,55
11240,55
11241,55
11242,55
11243,54
11244,57
11245,57
11247,26
11248,25
11249,26
11250,26
11251,25
11252,59
11253,91
11254,53
11261,75
11262,88
11263,104
11264,82
11265,90
11266,70
11267,104
11268,11
11269,39
11273,8
11274,8
11285,78
11336,94
11337,77
11631,1
11635,1
11637,2
11638,1
11640,2
11641,2
11653,1
11654,1
11657,1
11659,2
11660,2
11662,2
11723,1
13476,1
13477,1
13478,1
13479,1
13731,160
13732,160
13733,161
13734,160
13735,161
13736,160
13737,160
13738,159
13739,163
13740,161
13741,161
13742,161
13743,155
13744,165
13745,166
13746,155
13747,167
13748,157
13749,157
13750,167
13751,165
13752,157
13753,157
13754,166
13755,165
13756,160
13757,159
13758,165
13759,163
13760,162
13761,162
13762,165
13763,165
13764,164
13765,164
13766,166
13767,164
13768,164
13769,164
13770,164
13771,170
13772,166
13773,167
13774,167
13775,167
13776,166
13777,168
13778,168
13779,169
13780,169
13781,168
13782,167
13783,169
13784,169
13785,169
13789,166
13790,163
13791,167
13792,166
13793,166
13794,168
13795,166
13796,168
13797,161
13798,166
13799,165
13800,161
13801,160
13802,166
13803,166
13804,162
13805,161
13806,165
13807,165
13808,162
13809,161
13810,164
13811,164
13812,162
13813,161
13814,163
13815,163
13816,162
13817,162
13819,161
13820,162
13821,161
13822,161
13823,162
13824,160
13825,160
13826,162
13827,162
13828,159
13829,157
13830,162
13831,162
13832,156
13833,155
13834,163
13835,163
13836,154
13837,154
13838,163
13839,163
13840,154
13843,116
13844,122
13846,120
13847,120
13848,122
13851,166
13852,161
13853,158
13854,162
13855,166
13856,160
13857,162
13858,160
13859,165
13860,167
13861,119
13862,123
13863,161
13864,166
13865,161
14109,117
14110,145
14111,167
14295,1
14296,1
14298,1
14299,1
14300,2
14301,1
14302,1
14304,1
14307,1
14507,2
14859,1
14944,165
14945,161
14947,160
14948,167
14949,121
15273,1
15547,2
15585,2
15589,2
15590,1
15601,2
15602,2
15603,3
15604,3
15605,3
15607,2
15608,2
15609,2
15656,158
15657,150
15658,147
15659,159
15660,148
15661,157
15662,156
15663,151
15664,161
15665,147
15666,159
15667,147
15674,1
15723,1
16005,2
16007,1
16008,1
16009,1
16010,1
16067,118
16068,41
16069,92
16070,73
16071,90
16072,74
16073,90
16074,75
16075,92
16076,78
16077,91
16078,80
16079,88
16080,83
16081,39
16082,134
16083,92
16084,70
16085,88
16086,86
16166,1
16170,1
16202,93
16203,68
16204,93
16205,73
16206,93
16207,73
16208,90
16209,72
16210,91
16211,75
16212,90
16213,77
16214,92
16215,79
16216,89
16217,79
16218,91
16219,81
16220,89
16221,82
16222,89
16223,84
16224,87
16225,84
16226,88
16227,86
16228,87
16229,87
16230,86
16231,86
16289,66
16290,69
16291,66
16292,70
16293,64
16294,70
16295,64
16296,70
16297,64
16298,70
16299,64
16300,71
16301,62
16302,71
16303,62
16304,70
16305,62
16306,71
16307,62
16308,72
16309,59
16310,72
16311,59
16312,71
16313,60
16314,74
16315,71
16316,66
16317,71
16318,65
16319,71
16320,65
16321,71
16322,68
16323,70
16324,68
16370,1
16411,1
16708,1
16709,1
16710,1
16711,1
16712,1
16713,1
16714,1
16715,1
16798,1
16799,1
16800,1
16801,1
16802,1
17650,158
17651,155
17652,77
17653,75
17654,71
17655,80
17656,77
17658,74
17661,73
17662,80
17663,85
17664,83
17668,142
17671,101
18210,204
18214,107
18220,45
18221,44
18237,46
18238,23
18239,11
18242,5
18246,141
18248,152
18250,5
18254,72
18255,70
18256,70
18279,6
18280,6
18281,6
18282,6
18291,204
18292,72
18293,35
18294,74
18295,37
18296,29
18297,29
18298,31
18301,115
18302,109
18358,8
18359,8
18360,8
18361,8
18362,8
18363,7
18364,73
18365,65
18366,65
18367,101
18373,162
18375,122
18387,145
18388,45
18408,31
18537,183
18538,196
18540,58
18547,194
18548,110
18549,109
18550,57
18551,57
18552,68
18592,129
18593,52
18594,259
18596,195
18598,68
18599,91
18636,117
18637,6
18638,19
18639,18
18640,19
18646,121
18647,94
18648,91
18651,21
18652,21
18653,35
18654,35
18655,34
18656,100
18660,167
18724,32
18725,30
18727,29
18728,28
18729,87
18731,88
18740,29
18751,84
18752,155
18759,37
18778,37
18782,25
18783,25
18784,83
18788,1
18789,91
18791,24
18793,35
18794,4
18801,57
18812,36
18817,154
18818,186
18821,15
18822,16
18824,79
18825,105
18826,94
18827,2
18828,97
18829,21
18830,118
18832,112
18836,12
18837,25
18838,47
18839,43
18840,25
18841,25
18842,27
18845,28
18859,7
18860,13
18862,22
18863,145
18864,83
18865,135
18867,28
18868,28
18869,29
18870,28
18871,28
18875,9
18878,43
18894,58
18895,42
18896,88
18905,48
18906,86
18907,88
18910,216
18911,176
18912,245
18913,184
18914,182
18915,172
18916,165
18917,173
18918,166
18919,124
18920,127
18921,118
18922,75
18923,74
18924,52
18925,168
19739,39
19740,83
19742,93
19743,63
19744,66
19754,18
20563,47
20564,18
20565,17
20566,19
21391,79
21392,28
21393,11
21394,10
21396,93
21398,58
22931,12
22932,51
22933,35
22934,35
22935,35
22936,35
22937,35
22938,35
22939,34
22940,35
22942,69
22943,35
23694,36
23762,12
23763,35
23764,35
23765,81
23767,40
23768,40
23770,117
23771,96
23772,103
25395,60
25396,59
25397,172
25398,125
25399,115
25400,109
25401,84
25402,76
25403,29
25405,143
25406,140
26126,13
26149,48
26220,113
27833,105
28558,53
28634,48
28636,44
28637,46
28638,92
28641,55
28642,54
28643,66
28646,242
28647,251
30146,138
30147,138
30148,53
30149,30
30150,193
30151,59
30152,35
30153,36
30810,89
30811,64
31490,46
31491,59
31492,7
31493,29
31494,28
31495,295
31496,23
31497,142
32129,54
32180,57
32181,50
32182,28
32183,52
32185,34
32877,15
32892,19
33545,100
34744,55
34797,33
34802,43
34803,41
34804,43
34805,42
34809,31
35455,82
35458,26
35459,78
35467,25
36072,72
36109,52
36110,33
36111,32
36112,70
36117,52
36121,86
36122,24
36126,52
36127,26
36128,44
36777,45
36778,46
36780,15
36783,4
36785,72
37368,68
37421,28
37422,52
37424,76
37426,30
37427,32
38645,37
38651,43
38652,43
38658,43
38700,41
38704,107
38709,43
38713,25
38714,25
38715,26
38716,60
39365,60
39366,23
39367,43
39368,45
39371,81
39375,137
39376,110
39377,97
39381,25
39382,54
40031,29
40032,63
40036,294
40037,41
40038,46
40040,23
41036,44
41040,371
41041,369
41042,339
41043,362
41044,104
41045,35
41047,217
41048,205
41049,153
41052,75
41053,75
41683,47
41684,46
41685,108
41686,24
41687,26
42316,29
42319,130
42320,208
42323,25
42324,25
42325,78
42328,80
42329,85
42330,559
42331,43
42336,3
42337,70
42339,66
42340,65
42341,66
42342,66
42343,66
42344,65
42345,64
42346,65
42347,67
42348,5
42349,117
42351,74
42354,40
42357,158
42358,146
42360,43
42362,165
42363,71
42364,31
42366,76
42367,100
42368,26
42369,29
42371,76
42372,80
42373,28
42374,34
42375,90
42376,90
42377,94
42406,42
42407,47
42408,46
42411,214
42419,43
42420,61
42421,44
42422,23
42427,28
42433,10
42434,136
42436,31
42437,31
42438,31
42439,31
42440,32
42441,30
42442,32
42443,30
42444,55
42445,82
42454,6
42455,25
42457,27
42458,66
42459,25
42460,29
42461,27
42462,22
42463,5
42465,77
42474,35
42475,35
42476,35
42477,191
42478,190
42479,191
42480,190
42481,36
42482,37
42483,43
42484,65
42485,30
42486,30
42487,6
42488,43
42489,71
42490,20
42491,23
42492,23
42499,71
42502,63
42504,127
42505,170
42507,225
42508,129
42509,79
42510,144
42511,1
42512,67
42513,57
42522,4
42523,41
42524,43
42525,83
42526,136
42527,38
42528,7
42529,45
42530,32
42531,31
42532,65
42533,118
42534,24
42535,80
42536,8
42543,68
42544,25
42545,26
42546,26
42547,26
42548,26
42549,167
42550,85
42551,32
42552,25
42553,26
42554,82
42555,101
42562,50
42563,44
42564,26
42565,42
42566,44
42567,4
42568,499
42569,5
42570,11
42571,6
42572,26
42573,7
42574,66
42575,6
42576,4
42577,6
42578,12
42579,66
42580,44
42581,15
42582,15
42583,63
42584,12
42585,79
42586,48
42587,35
42588,41
42589,179
42590,123
42591,26
42592,31
42593,57
42595,76
42596,240
42597,236
42598,99
42599,59
42601,145
42602,87
42603,14
42616,21
42617,22
42621,84
42622,79
42625,13
42627,80
42628,72
42629,69
42630,69
42631,83
42632,76
42822,42
42823,43
42826,114
42827,124
42828,29
42876,28
42877,27
42878,25
42879,26
42880,26
42881,26
42882,26
42883,26
42884,26
42885,26
42886,26
42887,26
42888,26
42889,83
42890,26
42891,83
42892,84
42893,76
42894,41
42895,54
42896,30
42897,61
42898,57
42899,52
42900,28
42901,28
42902,28
42903,28
42904,28
42905,28
42906,28
42907,65
42908,27
42909,26
42910,26
42911,30
42912,100
42914,75
42915,79
42916,683
42917,258
42918,138
42919,38
42920,37
42921,31
42922,200
42923,59
42924,53
42925,53
42959,72
42960,72
42961,39
42962,42
42963,72
42964,108
42965,36
42966,23
42967,64
42968,23
42969,55
42970,63
42971,25
42972,32
42973,6
42974,6
42975,6
42976,6
42977,6
42978,6
42979,16
42980,6
42981,6
42982,7
42983,6
42984,6
42985,12
42986,6
42987,25
42988,26
42989,22
42990,21
42991,71
42992,86
42993,74
42994,60
42995,128
42996,73
42997,79
42998,119
42999,37
43000,36
43001,71
43002,78
43004,99
43005,27
43007,29
43008,29
43009,93
43010,95
43011,68
43012,121
43013,127
43014,129
43015,77
43016,74
43017,34
43018,34
43019,33
43020,33
43021,36
43022,37
43025,92
43029,43
43030,43
43031,97
43032,6
43033,6
43034,6
43035,44
43037,6
43059,89
43060,33
43061,35
43062,184
43063,33
43064,34
43065,36
43066,51
43067,75
43068,120
43069,117
43071,25
43072,77
43075,43
43076,46
43077,89
43081,23
43082,6
43083,23
43084,23
43085,23
43086,23
43087,23
43088,23
43089,1
43090,87
43091,133
43092,10
43093,66
43094,9
43095,187
43096,72
43097,163
43098,163
43099,203
43100,156
43101,24
43102,25
43103,152
43104,107
43105,82
43106,41
43107,19
43108,31
43109,71
43110,11
43111,11
43112,1
43116,1
43118,1
43119,1
